Method,GldStd,PPIN,Predicts,Refs,Precision,Recall,F1-score,F2-score,AUC-PR,MMR,Sensitivity,PPP,Accuracy,F-Match,Separation
P5COMP,CYC,Collins,17417,408,0.8444048917724063,0.6348039215686274,0.7247543847148146,0.44146631892422405,0.4851178786234585,0.591640056388152,0.7494791666666667,0.6608170656220841,0.7037532406046537,0.6519607843137255,0.07131549854304835
PC2P,CYC,Collins,209,408,0.9043062200956937,0.5318627450980392,0.6697913689625608,0.38070793872545033,0.34197534832754606,0.4129621666272462,0.6401041666666667,0.7383399209486166,0.687469606466749,0.5833333333333334,0.6726577492829489
CUBCO+,CYC,Collins,1577,408,0.461001902346227,0.928921568627451,0.6161988328288414,0.5296768541155337,0.3521756341137775,0.8419731912896149,0.89375,0.6775231202251709,0.7781621223763379,0.9485294117647058,0.36151958417490526
ClusterOne,CYC,Collins,125,408,0.968,0.36764705882352944,0.5328987932705012,0.27335366542415007,0.25652463626921557,0.2523341116507138,0.5625,0.6945812807881774,0.6250615733216607,0.39950980392156865,0.504691903192465
P5COMP,CYC,Gavin,16254,408,0.8527747016119109,0.5367647058823529,0.6588360998268676,0.3813987569946613,0.40597080874731944,0.5020692404222121,0.6958333333333333,0.668730696423234,0.6821474251175477,0.5588235294117647,0.06281834688761134
PC2P,CYC,Gavin,183,408,0.8852459016393442,0.46078431372549017,0.6060895522388059,0.3338704903476173,0.31079085095855274,0.3550831327803789,0.5291666666666667,0.7618613138686131,0.6349422114823845,0.49264705882352944,0.612734345733419
CUBCO+,CYC,Gavin,1576,408,0.4612944162436548,0.928921568627451,0.6164600859137284,0.5297733495354704,0.3816636938566483,0.8416230512335924,0.89375,0.6782468188244799,0.7785776096988526,0.9485294117647058,0.36164155161983536
ClusterOne,CYC,Gavin,110,408,0.9,0.2867647058823529,0.43494423791821557,0.21566820276497692,0.22704937393782046,0.2130460499307818,0.4296875,0.738045738045738,0.5631421029070087,0.3137254901960784,0.4576201265237951
P5COMP,CYC,KroganCore,16701,408,0.8630620920902939,0.6372549019607843,0.7331657923783343,0.4442065948732354,0.42849615575800803,0.5957256752183527,0.7401041666666667,0.6685177989070286,0.703400887447493,0.6568627450980392,0.07261174811204527
PC2P,CYC,KroganCore,219,408,0.8493150684931506,0.5122549019607843,0.6390649273789856,0.3656913861588717,0.3221908040952634,0.4161860921963981,0.5401041666666667,0.7506654835847383,0.6367397862996826,0.5735294117647058,0.6624054501981496
CUBCO+,CYC,KroganCore,1577,408,0.461001902346227,0.928921568627451,0.6161988328288414,0.5296768541155337,0.3793004150342043,0.8422733113376341,0.89375,0.6754421221864951,0.7769661490079088,0.9485294117647058,0.3615711203664652
ClusterOne,CYC,KroganCore,132,408,0.8560606060606061,0.33088235294117646,0.4772855265627933,0.2457115245228316,0.20619040982811837,0.24195165919050945,0.45989583333333334,0.7015355086372361,0.568008149023978,0.39215686274509803,0.4826284743229537
P5COMP,CYC,KroganExt,16962,408,0.8657587548638133,0.6568627450980392,0.7469810091697149,0.45625659938482244,0.44783077247118813,0.6113515594104134,0.7463541666666667,0.6584075352260377,0.7010030009070456,0.6715686274509803,0.07358787863446083
PC2P,CYC,KroganExt,225,408,0.8577777777777778,0.5294117647058824,0.6547304937806258,0.37699403147042865,0.3203557134203699,0.4302945313031185,0.5666666666666667,0.7437874892887746,0.6492145849129076,0.5980392156862745,0.6753904147644895
CUBCO+,CYC,KroganExt,1580,408,0.460126582278481,0.928921568627451,0.6154164005021018,0.529387578654114,0.3797113830313139,0.8422733113376341,0.8932291666666666,0.6754262788365095,0.776730617518006,0.9485294117647058,0.3612077429152696
ClusterOne,CYC,KroganExt,132,408,0.8712121212121212,0.3284313725490196,0.4770307082714215,0.24432394723490616,0.2063485761901848,0.24418407050596574,0.46510416666666665,0.6791778373547811,0.5620395378097206,0.39215686274509803,0.4809928013790002
P5COMP,CYC,BIM,19055,408,0.8396746260823931,0.9485294117647058,0.890788816370834,0.6189789471435013,0.6572649321340319,0.898511237307789,0.9536458333333333,0.6766133307956879,0.803274226955587,0.9754901960784313,0.10199956662174449
PC2P,CYC,BIM,307,408,0.9543973941368078,0.8333333333333334,0.889766170665047,0.5675544794188863,0.6580571480682257,0.6775034114575322,0.9265625,0.7516483516483516,0.8345353053191793,0.9093137254901961,0.8295714949487671
CUBCO+,CYC,BIM,1592,408,0.45979899497487436,0.928921568627451,0.6151233226610378,0.5292791159984891,0.45630800353356893,0.8422733113376341,0.8942708333333333,0.6755471922353175,0.7772529514619233,0.9485294117647058,0.3598464837149502
ClusterOne,CYC,BIM,209,408,0.9521531100478469,0.5955882352941176,0.7327983997454139,0.4234904662756405,0.45504573230498147,0.4497041556733898,0.8359375,0.6864224137931034,0.7574999911090247,0.6862745098039216,0.6460513995886064
P5COMP,SGD,Collins,15520,306,0.8890463917525773,0.6339869281045751,0.7401595007816876,0.4438822609570918,0.5265098506848817,0.6024650312550708,0.7438253877082137,0.5294579764889772,0.6275542085247455,0.7026143790849673,0.06459953887361425
PC2P,SGD,Collins,168,306,0.8214285714285714,0.5294117647058824,0.6438569206842923,0.3751699139102855,0.35954504618760114,0.40744710673818907,0.5640436530729466,0.6383363471971067,0.6000413028803074,0.6241830065359477,0.6480992304974384
CUBCO+,SGD,Collins,1589,306,0.3322844556324733,0.8464052287581699,0.4772202631565173,0.44859114098759134,0.34927306374737727,0.7564176078577161,0.8317059161401493,0.5464937348867883,0.674182521605884,0.9281045751633987,0.28253635268462945
ClusterOne,SGD,Collins,108,306,0.8981481481481481,0.3790849673202614,0.5331438047855959,0.2796604903751755,0.29760848192679346,0.28374239773713794,0.49511774842044803,0.6179337231968811,0.5531274298950506,0.434640522875817,0.5112005100521464
P5COMP,SGD,Gavin,14575,306,0.8470668953687822,0.5392156862745098,0.6589590944225313,0.38265532182271694,0.40394877900720316,0.5116199644812834,0.6760482481332567,0.5465358154979437,0.6078524332512503,0.6111111111111112,0.05613382363601671
PC2P,SGD,Gavin,141,306,0.8439716312056738,0.4542483660130719,0.5906128934354525,0.32808215442135374,0.3001119708701961,0.3449021635444162,0.49167145318782307,0.6614906832298136,0.5702947356357135,0.5196078431372549,0.5948988897445631
CUBCO+,SGD,Gavin,1587,306,0.33081285444234404,0.8464052287581699,0.47570069426587813,0.44791864828874317,0.33533948831133953,0.7570437447067632,0.8317059161401493,0.5468181316863351,0.6743825881324548,0.9281045751633987,0.2827595926889373
ClusterOne,SGD,Gavin,94,306,0.8829787234042553,0.3235294117647059,0.47354771784232363,0.2411516111991548,0.25639141446841496,0.23767610683567858,0.42044801838024126,0.632420091324201,0.5156547044109183,0.37254901960784315,0.474050591128419
P5COMP,SGD,KroganCore,15057,306,0.8883575745500432,0.6143790849673203,0.7263924924159837,0.43178029391831974,0.4409170829598044,0.5738412270835991,0.7156806433084434,0.5377915387372448,0.6203926131163305,0.6764705882352942,0.061993089475941565
PC2P,SGD,KroganCore,164,306,0.8048780487804879,0.4803921568627451,0.6016744186046512,0.3433303253888211,0.299514434994324,0.38886669645927,0.5221137277426766,0.6370510396975425,0.5767261855498083,0.5816993464052288,0.6223647579906654
CUBCO+,SGD,KroganCore,1587,306,0.3314429741650914,0.8464052287581699,0.4763518179545411,0.4482070844776294,0.31662686433590176,0.7561767312347077,0.8311315336013785,0.5478164731896075,0.6747648075397656,0.9281045751633987,0.2827703188237824
ClusterOne,SGD,KroganCore,108,306,0.8796296296296297,0.3562091503267974,0.5070760491650752,0.26361680732169906,0.25932096437365393,0.2731981230268628,0.462952326249282,0.6217038539553753,0.5364878800371774,0.4215686274509804,0.5010852195782692
P5COMP,SGD,KroganExt,15201,306,0.8525754884547069,0.630718954248366,0.725055666649709,0.43954219099730857,0.4333934203450887,0.5968903213390487,0.7214244686961516,0.54519803917056,0.6271516608786146,0.7058823529411765,0.06388185409311892
PC2P,SGD,KroganExt,172,306,0.8023255813953488,0.5032679738562091,0.6185458990628091,0.35773562038143647,0.311810573319338,0.41059330190560284,0.5491097070649053,0.6423423423423423,0.5938993310646079,0.6078431372549019,0.6337237590755906
CUBCO+,SGD,KroganExt,1589,306,0.3322844556324733,0.8464052287581699,0.4772202631565173,0.44859114098759134,0.32548846576614626,0.7555505943856606,0.8311315336013785,0.5469728601252609,0.6742450534295675,0.9281045751633987,0.28254653788750644
ClusterOne,SGD,KroganExt,109,306,0.8899082568807339,0.35947712418300654,0.5120944519101555,0.2660847880299252,0.2694307640913892,0.27462332273637624,0.4658242389431361,0.6211365902293121,0.5379037826817208,0.4215686274509804,0.49912467064675226
P5COMP,SGD,BIM,16967,306,0.8263098956798491,0.8562091503267973,0.8409938602072422,0.5673843875379143,0.6106840797175587,0.8126880590689687,0.8989086731763355,0.5275843182982632,0.6886582022673754,0.9183006535947712,0.0823737060355206
PC2P,SGD,BIM,216,306,0.9166666666666666,0.7647058823529411,0.8338192419825073,0.5242896425297892,0.6160347347010142,0.6042876785774337,0.8604250430786904,0.6682926829268293,0.7582979364975819,0.8562091503267973,0.7535636617279139
CUBCO+,SGD,BIM,1590,306,0.33270440251572325,0.8464052287581699,0.4776532028085148,0.4487823252919307,0.4463423302766025,0.7561990018968132,0.8311315336013785,0.5462922334357174,0.6738254238079401,0.9281045751633987,0.28245356380621583
ClusterOne,SGD,BIM,172,306,0.9127906976744186,0.6111111111111112,0.7320898685883851,0.4311571589065037,0.5117164458056643,0.47574794008556737,0.816771970132108,0.6510067114093959,0.7291940991581576,0.6928104575163399,0.6460027101713012
P5COMP,CYC,Collins,18205,408,0.8554792639384784,0.6348039215686274,0.7288032192136674,0.4422145392260139,0.4926206091739999,0.5915992067149493,0.7489583333333333,0.6568497921107617,0.701393702245481,0.6519607843137255,0.06960532525104958
PC2P,CYC,Collins,209,408,0.9043062200956937,0.5318627450980392,0.6697913689625608,0.38070793872545033,0.34189256115568933,0.4129621666272462,0.6401041666666667,0.7383399209486166,0.687469606466749,0.5833333333333334,0.6726577492829489
CUBCO+,CYC,Collins,1593,408,0.455743879472693,0.928921568627451,0.6114839075287097,0.5279273134377757,0.34808248957459365,0.8416230512335924,0.8932291666666666,0.675565700674871,0.776810779947342,0.9485294117647058,0.3597732056814244
ClusterOne,CYC,Collins,125,408,0.968,0.36764705882352944,0.5328987932705012,0.27335366542415007,0.25652463626921557,0.2523341116507138,0.5625,0.6945812807881774,0.6250615733216607,0.39950980392156865,0.504691903192465
P5COMP,CYC,Gavin,16888,408,0.8532093794410233,0.5367647058823529,0.658965784250832,0.38142048404923456,0.4065019080535799,0.5020692404222121,0.6958333333333333,0.6679064089909929,0.6817268829398612,0.5588235294117647,0.06160296948846965
PC2P,CYC,Gavin,183,408,0.8852459016393442,0.46078431372549017,0.6060895522388059,0.3338704903476173,0.31079085095855274,0.3550831327803789,0.5291666666666667,0.7618613138686131,0.6349422114823845,0.49264705882352944,0.612734345733419
CUBCO+,CYC,Gavin,1596,408,0.4567669172932331,0.928921568627451,0.6124040801670368,0.528269959905241,0.3791444976426282,0.8422733113376341,0.8942708333333333,0.6757425742574258,0.7773653420368059,0.9485294117647058,0.3593752363284494
ClusterOne,CYC,Gavin,110,408,0.9,0.2867647058823529,0.43494423791821557,0.21566820276497692,0.22704937393782046,0.2130460499307818,0.4296875,0.738045738045738,0.5631421029070087,0.3137254901960784,0.4576201265237951
P5COMP,CYC,KroganCore,17356,408,0.8632173311823,0.6372549019607843,0.7332217999144677,0.4442168740648833,0.42879438911480616,0.5965134903444032,0.7401041666666667,0.6677083676514193,0.7029749248849592,0.6593137254901961,0.07118430939546976
PC2P,CYC,KroganCore,219,408,0.8447488584474886,0.5073529411764706,0.6339549551786645,0.3623563809780641,0.325659434978668,0.4178745453554395,0.5395833333333333,0.7515527950310559,0.636808732916596,0.5686274509803921,0.661887709950295
CUBCO+,CYC,KroganCore,1597,408,0.45522855353788355,0.928921568627451,0.6110198818245021,0.527754300897889,0.37540187807049485,0.8422733113376341,0.89375,0.6767134188799363,0.7776969963449409,0.9485294117647058,0.35937658853319326
ClusterOne,CYC,KroganCore,132,408,0.8560606060606061,0.33088235294117646,0.4772855265627933,0.2457115245228316,0.20619040982811837,0.24195165919050945,0.45989583333333334,0.7015355086372361,0.568008149023978,0.39215686274509803,0.4826284743229537
P5COMP,CYC,KroganExt,17617,408,0.8660952489073055,0.6568627450980392,0.7471062300509199,0.45627995521941234,0.4477754881676693,0.6121393745364638,0.7463541666666667,0.6577423197520779,0.7006487857264596,0.6740196078431373,0.0721560778914195
PC2P,CYC,KroganExt,225,408,0.8533333333333334,0.5269607843137255,0.6515614271846959,0.3752258240447217,0.3219878026648218,0.4306213286887394,0.5661458333333333,0.7437874892887746,0.6489161640353097,0.5955882352941176,0.6748796243653349
CUBCO+,CYC,KroganExt,1602,408,0.45692883895131087,0.928921568627451,0.6125495962747319,0.5283240924035845,0.37934776086950744,0.8422733113376341,0.8942708333333333,0.6762788860359471,0.7776737638503081,0.9485294117647058,0.3587827210507818
ClusterOne,CYC,KroganExt,132,408,0.8712121212121212,0.3284313725490196,0.4770307082714215,0.24432394723490616,0.2063485761901848,0.24418407050596574,0.46510416666666665,0.6791778373547811,0.5620395378097206,0.39215686274509803,0.4809928013790002
P5COMP,CYC,BIM,19762,408,0.8400465539925108,0.9485294117647058,0.8909980665832611,0.6190294564711695,0.6585908903653106,0.898511237307789,0.9536458333333333,0.6757656197729534,0.8027708686832093,0.9754901960784313,0.10009352358090735
PC2P,CYC,BIM,307,408,0.9543973941368078,0.8333333333333334,0.889766170665047,0.5675544794188863,0.6580571480682257,0.6775034114575322,0.9265625,0.7516483516483516,0.8345353053191793,0.9093137254901961,0.8295714949487671
CUBCO+,CYC,BIM,1603,408,0.45414847161572053,0.928921568627451,0.6100461992060238,0.5273907764148641,0.44783550419007834,0.8422733113376341,0.8942708333333333,0.6756916412326475,0.7773360451448829,0.9485294117647058,0.3586088859625621
ClusterOne,CYC,BIM,209,408,0.9521531100478469,0.5955882352941176,0.7327983997454139,0.4234904662756405,0.45504573230498147,0.4497041556733898,0.8359375,0.6864224137931034,0.7574999911090247,0.6862745098039216,0.6460513995886064
P5COMP,SGD,Collins,16123,306,0.8892265707374558,0.6372549019607843,0.7424446366251336,0.4458947602622769,0.530192607874533,0.6032772469795673,0.7438253877082137,0.5287618113225178,0.6271414986366866,0.7026143790849673,0.06336258326763793
PC2P,SGD,Collins,168,306,0.8214285714285714,0.5294117647058824,0.6438569206842923,0.3751699139102855,0.3594332297704071,0.40744710673818907,0.5640436530729466,0.6383363471971067,0.6000413028803074,0.6241830065359477,0.6480992304974384
CUBCO+,SGD,Collins,1606,306,0.32938978829389787,0.8464052287581699,0.47422762482953407,0.44726456023060024,0.34538644286879294,0.7561990018968132,0.8317059161401493,0.5457313757476889,0.6737121149516726,0.9281045751633987,0.28089586200044014
ClusterOne,SGD,Collins,108,306,0.8981481481481481,0.3790849673202614,0.5331438047855959,0.2796604903751755,0.29760848192679346,0.28374239773713794,0.49511774842044803,0.6179337231968811,0.5531274298950506,0.434640522875817,0.5112005100521464
P5COMP,SGD,Gavin,15138,306,0.8474699431893249,0.5392156862745098,0.6590810163519756,0.38267587568369354,0.40480973718491536,0.5123461808937745,0.6760482481332567,0.5457457585354056,0.6074129270801012,0.6111111111111112,0.05506689439145742
PC2P,SGD,Gavin,141,306,0.8439716312056738,0.4542483660130719,0.5906128934354525,0.32808215442135374,0.30043599432436946,0.3449021635444162,0.49167145318782307,0.6614906832298136,0.5702947356357135,0.5196078431372549,0.5948988897445631
CUBCO+,SGD,Gavin,1603,306,0.3287585776668746,0.8464052287581699,0.4735730927296731,0.44697323835620023,0.3336344724099838,0.7561990018968132,0.8317059161401493,0.5444929116684842,0.6729472311638217,0.9281045751633987,0.2811554094272552
ClusterOne,SGD,Gavin,94,306,0.8829787234042553,0.3235294117647059,0.47354771784232363,0.2411516111991548,0.25639141446841496,0.23767610683567858,0.42044801838024126,0.632420091324201,0.5156547044109183,0.37254901960784315,0.474050591128419
P5COMP,SGD,KroganCore,15642,306,0.8889528193325662,0.6143790849673203,0.7265914042780989,0.43181542811735996,0.4413287182343521,0.5756178636641572,0.7156806433084434,0.5372856694059095,0.620100760780721,0.6797385620915033,0.06079336803145809
PC2P,SGD,KroganCore,164,306,0.8048780487804879,0.4803921568627451,0.6016744186046512,0.3433303253888211,0.3001857615120474,0.3883583449705264,0.5221137277426766,0.6361058601134215,0.5762981883216189,0.5849673202614379,0.6225507550684451
CUBCO+,SGD,KroganCore,1610,306,0.3273291925465838,0.8464052287581699,0.47208829368510613,0.44631079865936407,0.31905422214047124,0.7572021809462106,0.8322802986789202,0.5449108307959982,0.6734378583123107,0.9281045751633987,0.28056564733919603
ClusterOne,SGD,KroganCore,108,306,0.8796296296296297,0.3562091503267974,0.5070760491650752,0.26361680732169906,0.25932096437365393,0.2731981230268628,0.462952326249282,0.6217038539553753,0.5364878800371774,0.4215686274509804,0.5010852195782692
P5COMP,SGD,KroganExt,15793,306,0.8525929209143291,0.630718954248366,0.7250619704229947,0.43954334931154354,0.43324346996367813,0.599057947648832,0.7214244686961516,0.5444268357105124,0.6267079389128427,0.7124183006535948,0.06263739583843649
PC2P,SGD,KroganExt,172,306,0.8023255813953488,0.5032679738562091,0.6185458990628091,0.35773562038143647,0.31198833541560184,0.41059330190560284,0.5491097070649053,0.6423423423423423,0.5938993310646079,0.6078431372549019,0.6337237590755906
CUBCO+,SGD,KroganExt,1611,306,0.32526381129733084,0.8464052287581699,0.46993644313556426,0.44534684639232003,0.3179248052370286,0.7572159516366731,0.8317059161401493,0.5446554530656538,0.6730476673852289,0.9313725490196079,0.2804757271437602
ClusterOne,SGD,KroganExt,109,306,0.8899082568807339,0.35947712418300654,0.5120944519101555,0.2660847880299252,0.2694307640913892,0.27462332273637624,0.4658242389431361,0.6211365902293121,0.5379037826817208,0.4215686274509804,0.49912467064675226
P5COMP,SGD,BIM,17610,306,0.8267461669505962,0.8562091503267973,0.8412197589248677,0.5674357890133136,0.6118438915988675,0.8128748004321806,0.8989086731763355,0.5268584491253462,0.6881842990471424,0.9215686274509803,0.0808128650236572
PC2P,SGD,BIM,216,306,0.9166666666666666,0.7647058823529411,0.8338192419825073,0.5242896425297892,0.6160347347010142,0.6042876785774337,0.8604250430786904,0.6682926829268293,0.7582979364975819,0.8562091503267973,0.7535636617279139
CUBCO+,SGD,BIM,1613,306,0.32610043397396155,0.8464052287581699,0.47080900534452574,0.44573828245458047,0.43556198628921544,0.7579997221849284,0.8322802986789202,0.5437459494491251,0.6727176534126118,0.9313725490196079,0.2803429882067847
ClusterOne,SGD,BIM,172,306,0.9127906976744186,0.6111111111111112,0.7320898685883851,0.4311571589065037,0.5117164458056643,0.47574794008556737,0.816771970132108,0.6510067114093959,0.7291940991581576,0.6928104575163399,0.6460027101713012
P5COMP,CYC,Collins,18887,408,0.8556679197331498,0.6348039215686274,0.7288716713127015,0.44222713932131263,0.4931959334127228,0.5917742767429606,0.7489583333333333,0.6560411998525104,0.7009618560517658,0.6519607843137255,0.06829614257029104
PC2P,CYC,Collins,209,408,0.8995215311004785,0.5294117647058824,0.6665353555249163,0.37892615195117857,0.3437382651741825,0.41328896401286713,0.6395833333333333,0.7383399209486166,0.6871898629733896,0.5808823529411765,0.6721277676223001
CUBCO+,CYC,Collins,1615,408,0.45139318885448915,0.928921568627451,0.6075554387658505,0.5264578455587604,0.3442601747760037,0.8416230512335924,0.89375,0.6757549105834066,0.7771460296069972,0.9485294117647058,0.3572936835774269
ClusterOne,CYC,Collins,125,408,0.968,0.36764705882352944,0.5328987932705012,0.27335366542415007,0.25652463626921557,0.2523341116507138,0.5625,0.6945812807881774,0.6250615733216607,0.39950980392156865,0.504691903192465
P5COMP,CYC,Gavin,17517,408,0.8528857681109779,0.5367647058823529,0.6588692437973878,0.38140431044363665,0.4063698839955685,0.5020692404222121,0.6958333333333333,0.6672810680521951,0.6814076678853751,0.5588235294117647,0.06045829730274468
PC2P,CYC,Gavin,183,408,0.8852459016393442,0.46078431372549017,0.6060895522388059,0.3338704903476173,0.31079085095855274,0.3560022504274377,0.5291666666666667,0.7620783956244302,0.6350326640034046,0.4950980392156863,0.6129403016863965
CUBCO+,CYC,Gavin,1616,408,0.45173267326732675,0.928921568627451,0.607862867789222,0.5265732295933128,0.37538585427899634,0.8422733113376341,0.8942708333333333,0.6768974308687978,0.778029324372952,0.9485294117647058,0.3571796024995421
ClusterOne,CYC,Gavin,110,408,0.9,0.2867647058823529,0.43494423791821557,0.21566820276497692,0.22704937393782046,0.2130460499307818,0.4296875,0.738045738045738,0.5631421029070087,0.3137254901960784,0.4576201265237951
P5COMP,CYC,KroganCore,17998,408,0.8632625847316369,0.6372549019607843,0.7332381244182551,0.444219869932503,0.4287723066448044,0.5965134903444032,0.7401041666666667,0.6670939900873004,0.7026514367891828,0.6593137254901961,0.0698681104965581
PC2P,CYC,KroganCore,219,408,0.8447488584474886,0.5098039215686274,0.6358648952343181,0.3639183642588284,0.3236228713089781,0.41651288958201904,0.5395833333333333,0.7506654835847383,0.6364327017453861,0.571078431372549,0.661887709950295
CUBCO+,CYC,KroganCore,1618,408,0.45241038318912236,0.928921568627451,0.6084761338687851,0.5268032026553974,0.37608337842140216,0.8416230512335924,0.89375,0.6759683871597228,0.7772687733493494,0.9485294117647058,0.3569300050848031
ClusterOne,CYC,KroganCore,132,408,0.8560606060606061,0.33088235294117646,0.4772855265627933,0.2457115245228316,0.20619040982811837,0.24195165919050945,0.45989583333333334,0.7015355086372361,0.568008149023978,0.39215686274509803,0.4826284743229537
P5COMP,CYC,KroganExt,18276,408,0.8658349748303786,0.6568627450980392,0.7470093780605522,0.45626189114436,0.44779605394538335,0.6121393745364638,0.7463541666666667,0.6571299773290267,0.700322566122991,0.6740196078431373,0.07080353055417074
PC2P,CYC,KroganExt,225,408,0.8577777777777778,0.5294117647058824,0.6547304937806258,0.37699403147042865,0.32045043963430125,0.4302945313031185,0.5666666666666667,0.7437874892887746,0.6492145849129076,0.5980392156862745,0.6753904147644895
CUBCO+,CYC,KroganExt,1631,408,0.4494175352544451,0.928921568627451,0.6057633286924629,0.5257839126100264,0.37465397001641615,0.8416230512335924,0.89375,0.6741919922817173,0.7762467990927788,0.9485294117647058,0.3555956105275172
ClusterOne,CYC,KroganExt,132,408,0.8712121212121212,0.3284313725490196,0.4770307082714215,0.24432394723490616,0.2063485761901848,0.24418407050596574,0.46510416666666665,0.6791778373547811,0.5620395378097206,0.39215686274509803,0.4809928013790002
P5COMP,CYC,BIM,20460,408,0.8398338220918866,0.9485294117647058,0.8908783922280089,0.6190005710783048,0.6584991933198578,0.898511237307789,0.9536458333333333,0.6750209727166868,0.8023284477343939,0.9754901960784313,0.09830344905730316
PC2P,CYC,BIM,307,408,0.9511400651465798,0.8308823529411765,0.8869534830584788,0.5658453768686951,0.6580853466386237,0.6758694245294276,0.9260416666666667,0.7521978021978022,0.8346055993163816,0.9068627450980392,0.8290169887512387
CUBCO+,CYC,BIM,1632,408,0.4491421568627451,0.928921568627451,0.6055131256593345,0.5256896427746933,0.4456312982697106,0.8422733113376341,0.8942708333333333,0.6727499759869369,0.7756421092558204,0.9485294117647058,0.35545538144134203
ClusterOne,CYC,BIM,209,408,0.9521531100478469,0.5955882352941176,0.7327983997454139,0.4234904662756405,0.45504573230498147,0.4497041556733898,0.8359375,0.6864224137931034,0.7574999911090247,0.6862745098039216,0.6460513995886064
P5COMP,SGD,Collins,16730,306,0.8895397489539749,0.6372549019607843,0.7425537745632748,0.44591444083219717,0.5307898540042151,0.6038662957303808,0.7438253877082137,0.5279111790018814,0.6266368465040775,0.7058823529411765,0.06217273554020394
PC2P,SGD,Collins,168,306,0.8214285714285714,0.5294117647058824,0.6438569206842923,0.3751699139102855,0.3594332297704071,0.40744710673818907,0.5640436530729466,0.6383363471971067,0.6000413028803074,0.6241830065359477,0.6480992304974384
CUBCO+,SGD,Collins,1631,306,0.32495401594114043,0.8496732026143791,0.4701146288209607,0.4463302455140248,0.34130486927968134,0.7576244483686992,0.8317059161401493,0.5455913978494623,0.6736257071895132,0.9313725490196079,0.27887723108136386
ClusterOne,SGD,Collins,108,306,0.8981481481481481,0.3790849673202614,0.5331438047855959,0.2796604903751755,0.29760848192679346,0.28374239773713794,0.49511774842044803,0.6179337231968811,0.5531274298950506,0.434640522875817,0.5112005100521464
P5COMP,SGD,Gavin,15708,306,0.8468933027756557,0.5424836601307189,0.6613407173081075,0.3847021734743056,0.4044047504005855,0.5127663489610014,0.6760482481332567,0.54504752660528,0.6070242379929027,0.6143790849673203,0.05403981282422599
PC2P,SGD,Gavin,141,306,0.8439716312056738,0.4542483660130719,0.5906128934354525,0.32808215442135374,0.3001119708701961,0.3449021635444162,0.49167145318782307,0.6614906832298136,0.5702947356357135,0.5196078431372549,0.5948988897445631
CUBCO+,SGD,Gavin,1632,306,0.3247549019607843,0.8496732026143791,0.46990622335890875,0.44623629798740305,0.32732894695156656,0.7584914618407547,0.8322802986789202,0.5448773138183384,0.6734171467137545,0.9313725490196079,0.2788130376039591
ClusterOne,SGD,Gavin,94,306,0.8829787234042553,0.3235294117647059,0.47354771784232363,0.2411516111991548,0.25639141446841496,0.23767610683567858,0.42044801838024126,0.632420091324201,0.5156547044109183,0.37254901960784315,0.474050591128419
P5COMP,SGD,KroganCore,16231,306,0.8888546608342062,0.6143790849673203,0.7265586136786457,0.4318096371791022,0.4416683058094865,0.5767282320539374,0.7156806433084434,0.5364598996502002,0.6196240522210531,0.6797385620915033,0.059646153327435204
PC2P,SGD,KroganCore,164,306,0.8048780487804879,0.4803921568627451,0.6016744186046512,0.3433303253888211,0.30002855228278297,0.38919349384489094,0.5226881102814475,0.6373937677053825,0.5771985307908348,0.5816993464052288,0.6223647579906654
CUBCO+,SGD,KroganCore,1635,306,0.3253822629969419,0.8496732026143791,0.47056262034523344,0.44653204848837025,0.3137120871228723,0.7576773710222411,0.8317059161401493,0.5436643835616438,0.6724350408797168,0.9313725490196079,0.27849413482849417
ClusterOne,SGD,KroganCore,108,306,0.8796296296296297,0.3562091503267974,0.5070760491650752,0.26361680732169906,0.25932096437365393,0.2731981230268628,0.462952326249282,0.6217038539553753,0.5364878800371774,0.4215686274509804,0.5010852195782692
P5COMP,SGD,KroganExt,16384,306,0.85284423828125,0.630718954248366,0.7251528331439865,0.43956004371821267,0.43386988995121833,0.5992330176768431,0.7214244686961516,0.5436946039326198,0.6262863488653212,0.7124183006535948,0.061460882472681895
PC2P,SGD,KroganExt,172,306,0.8023255813953488,0.5032679738562091,0.6185458990628091,0.35773562038143647,0.311810573319338,0.41059330190560284,0.5491097070649053,0.6423423423423423,0.5938993310646079,0.6078431372549019,0.6337237590755906
CUBCO+,SGD,KroganExt,1637,306,0.3249847281612706,0.8496732026143791,0.4701467679109195,0.44634472966649996,0.31490642027065036,0.7584914618407547,0.8322802986789202,0.5449293966623877,0.6734493306946676,0.9313725490196079,0.27835646382447415
ClusterOne,SGD,KroganExt,109,306,0.8899082568807339,0.35947712418300654,0.5120944519101555,0.2660847880299252,0.2694307640913892,0.27462332273637624,0.4658242389431361,0.6211365902293121,0.5379037826817208,0.4215686274509804,0.49912467064675226
P5COMP,SGD,BIM,18240,306,0.8271929824561404,0.8562091503267973,0.84145099601865,0.5674883862483993,0.6130477638678841,0.8129837328940542,0.8989086731763355,0.5261452745870007,0.6877183658133608,0.9215686274509803,0.0793539220144026
PC2P,SGD,BIM,216,306,0.9166666666666666,0.7647058823529411,0.8338192419825073,0.5242896425297892,0.6160347347010142,0.6042876785774337,0.8604250430786904,0.6682926829268293,0.7582979364975819,0.8562091503267973,0.7535636617279139
CUBCO+,SGD,BIM,1640,306,0.325,0.8496732026143791,0.47016274864376134,0.44635193133047213,0.4358410866308177,0.7576244483686992,0.8317059161401493,0.543992330634853,0.6726378221033036,0.9313725490196079,0.278056177927915
ClusterOne,SGD,BIM,172,306,0.9127906976744186,0.6111111111111112,0.7320898685883851,0.4311571589065037,0.5117164458056643,0.47574794008556737,0.816771970132108,0.6510067114093959,0.7291940991581576,0.6928104575163399,0.6460027101713012
P5COMP,CYC,Collins,19429,408,0.8446137217561377,0.6348039215686274,0.7248312945308978,0.4414805859411183,0.4869799806486186,0.591640056388152,0.7494791666666667,0.658688109718764,0.702618684326898,0.6519607843137255,0.06738912527126768
PC2P,CYC,Collins,209,408,0.8995215311004785,0.5294117647058824,0.6665353555249163,0.37892615195117857,0.3437382651741825,0.41328896401286713,0.6395833333333333,0.7383399209486166,0.6871898629733896,0.5808823529411765,0.6721277676223001
CUBCO+,CYC,Collins,1639,408,0.44966442953020136,0.928921568627451,0.6059875666710418,0.5258683620587002,0.34462644909374385,0.8422733113376341,0.8942708333333333,0.6724368783473603,0.775461596446761,0.9485294117647058,0.3547231331292601
ClusterOne,CYC,Collins,125,408,0.968,0.36764705882352944,0.5328987932705012,0.27335366542415007,0.25652463626921557,0.2523341116507138,0.5625,0.6945812807881774,0.6250615733216607,0.39950980392156865,0.504691903192465
P5COMP,CYC,Gavin,18150,408,0.8527272727272728,0.5367647058823529,0.6588219446956721,0.3813963851059682,0.4065713150065808,0.5020692404222121,0.6958333333333333,0.6667809061829941,0.6811522447678885,0.5588235294117647,0.059361398513928326
PC2P,CYC,Gavin,183,408,0.8852459016393442,0.46078431372549017,0.6060895522388059,0.3338704903476173,0.31079085095855274,0.3550831327803789,0.5286458333333334,0.7625570776255708,0.6349193820994924,0.49264705882352944,0.612734345733419
CUBCO+,CYC,Gavin,1641,408,0.44850700792199877,0.928921568627451,0.6049356611766951,0.5254719011537743,0.3738542457358994,0.8422733113376341,0.89375,0.6722985872470408,0.7751560245215429,0.9485294117647058,0.3544973731951098
ClusterOne,CYC,Gavin,110,408,0.9,0.2867647058823529,0.43494423791821557,0.21566820276497692,0.22704937393782046,0.2130460499307818,0.4296875,0.738045738045738,0.5631421029070087,0.3137254901960784,0.4576201265237951
P5COMP,CYC,KroganCore,18645,408,0.8631268436578171,0.6372549019607843,0.7331891550148225,0.44421088280460813,0.4292090436699235,0.5965134903444032,0.7401041666666667,0.6666363084395871,0.7024103569334834,0.6593137254901961,0.06860512147398821
PC2P,CYC,KroganCore,219,408,0.8447488584474886,0.5098039215686274,0.6358648952343181,0.3639183642588284,0.3236228713089781,0.41651288958201904,0.5395833333333333,0.7506654835847383,0.6364327017453861,0.571078431372549,0.661887709950295
CUBCO+,CYC,KroganCore,1648,408,0.44781553398058255,0.928921568627451,0.6043063813606195,0.5252343538743504,0.3697372293755484,0.8416230512335924,0.89375,0.6703952981325244,0.7740580066803415,0.9485294117647058,0.35374442636791226
ClusterOne,CYC,KroganCore,132,408,0.8560606060606061,0.33088235294117646,0.4772855265627933,0.2457115245228316,0.20619040982811837,0.24195165919050945,0.45989583333333334,0.7015355086372361,0.568008149023978,0.39215686274509803,0.4826284743229537
P5COMP,CYC,KroganExt,18925,408,0.8656274768824307,0.6568627450980392,0.7469321411570639,0.4562474831896554,0.44846984776286863,0.6121393745364638,0.7463541666666667,0.6566877855466088,0.7000868981360941,0.6740196078431373,0.06953074457922896
PC2P,CYC,KroganExt,225,408,0.8533333333333334,0.5269607843137255,0.6515614271846959,0.3752258240447217,0.32202649345760215,0.4306213286887394,0.5661458333333333,0.7437874892887746,0.6489161640353097,0.5955882352941176,0.6748796243653349
CUBCO+,CYC,KroganExt,1643,408,0.44735240413877053,0.928921568627451,0.6038845538096006,0.5250749612293878,0.3712252627821389,0.8421291360204484,0.8942708333333333,0.6703777714340089,0.7742733937753731,0.9485294117647058,0.3542214553928136
ClusterOne,CYC,KroganExt,132,408,0.8712121212121212,0.3284313725490196,0.4770307082714215,0.24432394723490616,0.2063485761901848,0.24418407050596574,0.46510416666666665,0.6791778373547811,0.5620395378097206,0.39215686274509803,0.4809928013790002
P5COMP,CYC,BIM,21145,408,0.84019862851738,0.9485294117647058,0.891083600106612,0.6190500983044632,0.6594829400277562,0.898511237307789,0.9536458333333333,0.6743258548810758,0.801915233560428,0.9754901960784313,0.09661373367849681
PC2P,CYC,BIM,307,408,0.9511400651465798,0.8308823529411765,0.8869534830584788,0.5658453768686951,0.6580853466386237,0.6758694245294276,0.9260416666666667,0.7521978021978022,0.8346055993163816,0.9068627450980392,0.8290169887512389
CUBCO+,CYC,BIM,1646,408,0.4465370595382746,0.928921568627451,0.6031412320263632,0.5247937815615237,0.44192727185930675,0.8416230512335924,0.89375,0.6702389984825493,0.7739677673480844,0.9485294117647058,0.3539175926350329
ClusterOne,CYC,BIM,209,408,0.9521531100478469,0.5955882352941176,0.7327983997454139,0.4234904662756405,0.45504573230498147,0.4497041556733898,0.8359375,0.6864224137931034,0.7574999911090247,0.6862745098039216,0.6460513995886064
P5COMP,SGD,Collins,17315,306,0.8900952930984696,0.6372549019607843,0.7427472632983367,0.44594932222073214,0.5315818774648803,0.6038974192909161,0.7438253877082137,0.5272605645643067,0.6262505839201247,0.7058823529411765,0.06108550069339091
PC2P,SGD,Collins,168,306,0.8214285714285714,0.5294117647058824,0.6438569206842923,0.3751699139102855,0.3594332297704071,0.40744710673818907,0.5640436530729466,0.6383363471971067,0.6000413028803074,0.6241830065359477,0.6480992304974384
CUBCO+,SGD,Collins,1643,306,0.3231892878880097,0.8496732026143791,0.46826508565866093,0.4454949540581311,0.3417189320455237,0.7576773710222411,0.8317059161401493,0.5432164552914845,0.6721579722138306,0.9313725490196079,0.2777053648861238
ClusterOne,SGD,Collins,108,306,0.8981481481481481,0.3790849673202614,0.5331438047855959,0.2796604903751755,0.29760848192679346,0.28374239773713794,0.49511774842044803,0.6179337231968811,0.5531274298950506,0.434640522875817,0.5112005100521464
P5COMP,SGD,Gavin,16266,306,0.8474117791712775,0.5424836601307189,0.6614987438675004,0.38472890509311686,0.4047977573815176,0.5127663489610014,0.6760482481332567,0.5444326919848226,0.6066817680158291,0.6143790849673203,0.05308477478014159
PC2P,SGD,Gavin,141,306,0.8439716312056738,0.4542483660130719,0.5906128934354525,0.32808215442135374,0.30043599432436946,0.3449021635444162,0.49167145318782307,0.6614906832298136,0.5702947356357135,0.5196078431372549,0.5948988897445631
CUBCO+,SGD,Gavin,1646,306,0.32320777642770354,0.8496732026143791,0.4682844916310059,0.4455037361504767,0.330015289864427,0.7582780431399411,0.8317059161401493,0.5448526270824434,0.6731694833910482,0.9313725490196079,0.27753497211369643
ClusterOne,SGD,Gavin,94,306,0.8829787234042553,0.3235294117647059,0.47354771784232363,0.2411516111991548,0.25639141446841496,0.23767610683567858,0.42044801838024126,0.632420091324201,0.5156547044109183,0.37254901960784315,0.474050591128419
P5COMP,SGD,KroganCore,16803,306,0.8893649943462477,0.6143790849673203,0.7267290477749894,0.4318397324488331,0.442799324993554,0.5767282320539374,0.7156806433084434,0.5357962926354526,0.6192406926192914,0.6797385620915033,0.05859300123928059
PC2P,SGD,KroganCore,164,306,0.8048780487804879,0.4803921568627451,0.6016744186046512,0.3433303253888211,0.3001857615120474,0.3883583449705264,0.5221137277426766,0.6361058601134215,0.5762981883216189,0.5849673202614379,0.6225507550684451
CUBCO+,SGD,KroganCore,1651,306,0.3246517262265294,0.8496732026143791,0.4697982052198302,0.44618758704596023,0.3204101746865452,0.7591979792655384,0.8322802986789202,0.543269737535575,0.6724230063132335,0.9313725490196079,0.27704400479273195
ClusterOne,SGD,KroganCore,108,306,0.8796296296296297,0.3562091503267974,0.5070760491650752,0.26361680732169906,0.25932096437365393,0.2731981230268628,0.462952326249282,0.6217038539553753,0.5364878800371774,0.4215686274509804,0.5010852195782692
P5COMP,SGD,KroganExt,16959,306,0.8534701338522318,0.630718954248366,0.7253789892693334,0.43960158322110127,0.43465877226255145,0.5992330176768431,0.7214244686961516,0.5429896510521093,0.6258801966173532,0.7124183006535948,0.060372162235975795
PC2P,SGD,KroganExt,172,306,0.8023255813953488,0.5032679738562091,0.6185458990628091,0.35773562038143647,0.311810573319338,0.41059330190560284,0.5491097070649053,0.6423423423423423,0.5938993310646079,0.6078431372549019,0.6337237590755906
CUBCO+,SGD,KroganExt,1650,306,0.3236363636363636,0.8496732026143791,0.46873417465108264,0.4457071315067173,0.32380819747360634,0.7591450566119966,0.8322802986789202,0.5433978221799345,0.6725022689518532,0.9313725490196079,0.27710842295012594
ClusterOne,SGD,KroganExt,109,306,0.8899082568807339,0.35947712418300654,0.5120944519101555,0.2660847880299252,0.2694307640913892,0.27462332273637624,0.4658242389431361,0.6211365902293121,0.5379037826817208,0.4215686274509804,0.49912467064675226
P5COMP,SGD,BIM,18856,306,0.8276410691557065,0.8562091503267973,0.8416827677406525,0.5675410858669948,0.6139064405677002,0.8133572156204781,0.8989086731763355,0.5254521996035851,0.6872652614262165,0.9215686274509803,0.07800908091429251
PC2P,SGD,BIM,216,306,0.9166666666666666,0.7647058823529411,0.8338192419825073,0.5242896425297892,0.6160347347010142,0.6042876785774337,0.8604250430786904,0.6682926829268293,0.7582979364975819,0.8562091503267973,0.7535636617279139
CUBCO+,SGD,BIM,1660,306,0.3253012048192771,0.8496732026143791,0.47047785001005293,0.4464938782000318,0.43583053470963357,0.7595714619919623,0.8322802986789202,0.5440761267384712,0.6729218686192067,0.9313725490196079,0.27618272378614084
ClusterOne,SGD,BIM,172,306,0.9127906976744186,0.6111111111111112,0.7320898685883851,0.4311571589065037,0.5117164458056643,0.47574794008556737,0.816771970132108,0.6510067114093959,0.7291940991581576,0.6928104575163399,0.6460027101713012
P5COMP,CYC,Collins,20086,408,0.8448172856716121,0.6348039215686274,0.7249062440157729,0.44149448728464885,0.487572541180491,0.591640056388152,0.7494791666666667,0.6581103179345262,0.7023104531902568,0.6519607843137255,0.066239128041059
PC2P,CYC,Collins,209,408,0.9043062200956937,0.5318627450980392,0.6697913689625608,0.38070793872545033,0.34641440891146563,0.41450278287374487,0.6401041666666667,0.7399209486166007,0.6882052616868304,0.5808823529411765,0.6733018808397374
CUBCO+,CYC,Collins,1667,408,0.4469106178764247,0.928921568627451,0.6034819017411646,0.5249226968111534,0.3418805978743093,0.8424633873680463,0.89375,0.6721770804146819,0.7750859730511332,0.9485294117647058,0.35155864674837933
ClusterOne,CYC,Collins,125,408,0.968,0.36764705882352944,0.5328987932705012,0.27335366542415007,0.25652463626921557,0.2523341116507138,0.5625,0.6945812807881774,0.6250615733216607,0.39950980392156865,0.504691903192465
P5COMP,CYC,Gavin,18777,408,0.8527453799861533,0.5367647058823529,0.6588273489137073,0.38139729066625244,0.4067932943298801,0.5020692404222121,0.6958333333333333,0.666255116192538,0.6808836305497739,0.5588235294117647,0.058338723773864745
PC2P,CYC,Gavin,183,408,0.8852459016393442,0.46078431372549017,0.6060895522388059,0.3338704903476173,0.31079085095855274,0.3560022504274377,0.5291666666666667,0.7620783956244302,0.6350326640034046,0.4950980392156863,0.6129403016863965
CUBCO+,CYC,Gavin,1667,408,0.44631073785242953,0.928921568627451,0.6029347460028118,0.5247156036627151,0.37436266484602754,0.8421132473120239,0.89375,0.6730895145449444,0.7756118575837685,0.9485294117647058,0.35159751738230044
ClusterOne,CYC,Gavin,110,408,0.9,0.2867647058823529,0.43494423791821557,0.21566820276497692,0.22704937393782046,0.2130460499307818,0.4296875,0.738045738045738,0.5631421029070087,0.3137254901960784,0.4576201265237951
P5COMP,CYC,KroganCore,19291,408,0.8629931055932818,0.6372549019607843,0.7331408995427184,0.4442020258825714,0.42947142686302897,0.5965134903444032,0.7401041666666667,0.6661382040894659,0.7021478907057003,0.6593137254901961,0.0674159974700357
PC2P,CYC,KroganCore,219,408,0.8447488584474886,0.5073529411764706,0.6339549551786645,0.3623563809780641,0.325659434978668,0.4178745453554395,0.5395833333333333,0.7515527950310559,0.636808732916596,0.5686274509803921,0.661887709950295
CUBCO+,CYC,KroganCore,1668,408,0.4460431654676259,0.928921568627451,0.6026905369532041,0.5246231043586495,0.370059602992532,0.8427635074160655,0.8942708333333333,0.6735571976428771,0.7761073098700723,0.9485294117647058,0.3515024470691591
ClusterOne,CYC,KroganCore,132,408,0.8560606060606061,0.33088235294117646,0.4772855265627933,0.2457115245228316,0.20619040982811837,0.24195165919050945,0.45989583333333334,0.7015355086372361,0.568008149023978,0.39215686274509803,0.4826284743229537
P5COMP,CYC,KroganExt,19567,408,0.8659477692032503,0.6568627450980392,0.7470513546478323,0.4562697206882862,0.44849344861909746,0.6121393745364638,0.7463541666666667,0.656292643027498,0.6998762381137485,0.6740196078431373,0.06834531498934564
PC2P,CYC,KroganExt,225,408,0.8533333333333334,0.5269607843137255,0.6515614271846959,0.3752258240447217,0.3221212196715335,0.4306213286887394,0.5661458333333333,0.7437874892887746,0.6489161640353097,0.5955882352941176,0.6748796243653349
CUBCO+,CYC,KroganExt,1673,408,0.44530783024506876,0.928921568627451,0.6020189184319854,0.5243684962906252,0.3754997429330016,0.8427635074160655,0.8942708333333333,0.6711148179038088,0.7746989140751311,0.9485294117647058,0.3508896583740596
ClusterOne,CYC,KroganExt,132,408,0.8712121212121212,0.3284313725490196,0.4770307082714215,0.24432394723490616,0.2063485761901848,0.24418407050596574,0.46510416666666665,0.6791778373547811,0.5620395378097206,0.39215686274509803,0.4809928013790002
P5COMP,CYC,BIM,21845,408,0.8403295948729687,0.9485294117647058,0.8911572497952323,0.619067870135905,0.659541936590392,0.898511237307789,0.9536458333333333,0.6737489310823831,0.801572118302216,0.9754901960784313,0.09499415327858612
PC2P,CYC,BIM,307,408,0.9511400651465798,0.8308823529411765,0.8869534830584788,0.5658453768686951,0.657996928148273,0.6758694245294276,0.9260416666666667,0.7521978021978022,0.8346055993163816,0.9068627450980392,0.8290169887512389
CUBCO+,CYC,BIM,1683,408,0.44563279857397503,0.9313725490196079,0.6028301288152801,0.525457009319948,0.4443527143510105,0.8434783766971113,0.8942708333333333,0.6735033259423503,0.7760762723748467,0.9485294117647058,0.3497768391221354
ClusterOne,CYC,BIM,209,408,0.9521531100478469,0.5955882352941176,0.7327983997454139,0.4234904662756405,0.45504573230498147,0.4497041556733898,0.8359375,0.6864224137931034,0.7574999911090247,0.6862745098039216,0.6460513995886064
P5COMP,SGD,Collins,17911,306,0.8900117246384903,0.6339869281045751,0.7404938295253739,0.443942363291108,0.5293665759853359,0.6037802964183753,0.7438253877082137,0.5266475802455541,0.6258864438232721,0.7058823529411765,0.06004050309815225
PC2P,SGD,Collins,168,306,0.8214285714285714,0.5294117647058824,0.6438569206842923,0.3751699139102855,0.36175229624692756,0.4085364313569254,0.5640436530729466,0.6383363471971067,0.6000413028803074,0.6241830065359477,0.6480992304974383
CUBCO+,SGD,Collins,1679,306,0.3240023823704586,0.8496732026143791,0.4691179494663385,0.44588055419825673,0.34198017913791096,0.7587044485199068,0.8317059161401493,0.5427000103766733,0.6718383803561684,0.9313725490196079,0.27458543002143604
ClusterOne,SGD,Collins,108,306,0.8981481481481481,0.3790849673202614,0.5331438047855959,0.2796604903751755,0.29760848192679346,0.28374239773713794,0.49511774842044803,0.6179337231968811,0.5531274298950506,0.434640522875817,0.5112005100521464
P5COMP,SGD,Gavin,16831,306,0.847424395460757,0.5424836601307189,0.6615025877204255,0.3847295552026914,0.40509653884507335,0.5127663489610014,0.6760482481332567,0.5438379826940463,0.6063503240443056,0.6143790849673203,0.05217246927989754
PC2P,SGD,Gavin,141,306,0.8439716312056738,0.4542483660130719,0.5906128934354525,0.32808215442135374,0.30038930898356647,0.3449021635444162,0.49167145318782307,0.6621761658031088,0.5705901486239973,0.5196078431372549,0.5949336079808464
CUBCO+,SGD,Gavin,1680,306,0.3244047619047619,0.8496732026143791,0.4695395728747287,0.4460709085900917,0.3362208669261657,0.7591713019279368,0.8317059161401493,0.5428067993366501,0.6719044770868778,0.9313725490196079,0.274445071836539
ClusterOne,SGD,Gavin,94,306,0.8829787234042553,0.3235294117647059,0.47354771784232363,0.2411516111991548,0.25639141446841496,0.23767610683567858,0.42044801838024126,0.632420091324201,0.5156547044109183,0.37254901960784315,0.474050591128419
P5COMP,SGD,KroganCore,17384,306,0.8896111366774045,0.6143790849673203,0.7268112096246202,0.4318542370522416,0.443865104944081,0.5775685681883912,0.7162550258472142,0.5352201740630677,0.6191559897210823,0.6797385620915033,0.057591072413392036
PC2P,SGD,KroganCore,164,306,0.8048780487804879,0.4803921568627451,0.6016744186046512,0.3433303253888211,0.29956394419313315,0.3886851423561473,0.5226881102814475,0.6364494806421152,0.5767708178526683,0.5849673202614379,0.6225507550684451
CUBCO+,SGD,KroganCore,1681,306,0.323022010707912,0.8496732026143791,0.4680894800884589,0.44541546712939223,0.3149202061080714,0.758651525866365,0.8317059161401493,0.5429193448061372,0.6719741297566433,0.9313725490196079,0.2744033926925867
ClusterOne,SGD,KroganCore,108,306,0.8796296296296297,0.3562091503267974,0.5070760491650752,0.26361680732169906,0.25932096437365393,0.2731981230268628,0.462952326249282,0.6217038539553753,0.5364878800371774,0.4215686274509804,0.5010852195782692
P5COMP,SGD,KroganExt,17538,306,0.8536891321701449,0.630718954248366,0.7254580753391866,0.43961610519156513,0.4351930667255688,0.6000733538112969,0.7219988512349225,0.5422426855822904,0.625698486557985,0.7124183006535948,0.059352924813505334
PC2P,SGD,KroganExt,172,306,0.8023255813953488,0.5032679738562091,0.6185458990628091,0.35773562038143647,0.311810573319338,0.41059330190560284,0.5491097070649053,0.6423423423423423,0.5938993310646079,0.6078431372549019,0.6337237590755906
CUBCO+,SGD,KroganExt,1684,306,0.32363420427553447,0.8496732026143791,0.46873190982616897,0.44570610762056795,0.32005099217940913,0.7595714619919623,0.8322802986789202,0.5433430111986728,0.6724683514081055,0.9313725490196079,0.27412893371673674
ClusterOne,SGD,KroganExt,109,306,0.8899082568807339,0.35947712418300654,0.5120944519101555,0.2660847880299252,0.2694307640913892,0.27462332273637624,0.4658242389431361,0.6211365902293121,0.5379037826817208,0.4215686274509804,0.49912467064675226
P5COMP,SGD,BIM,19474,306,0.8281811646297628,0.8562091503267973,0.841961966876536,0.5676045438603254,0.6149139940931487,0.8133572156204781,0.8989086731763355,0.5248291421405384,0.6868576765282789,0.9215686274509803,0.07673190542776241
PC2P,SGD,BIM,216,306,0.9166666666666666,0.7647058823529411,0.8338192419825073,0.5242896425297892,0.6160347347010142,0.6042876785774337,0.8604250430786904,0.6682926829268293,0.7582979364975819,0.8562091503267973,0.7535636617279139
CUBCO+,SGD,BIM,1685,306,0.32166172106824925,0.8496732026143791,0.4666596020875831,0.4447670748642848,0.43510349846405016,0.7591619152072866,0.8322802986789202,0.543291610634116,0.6724365427074243,0.9313725490196079,0.274119837756896
ClusterOne,SGD,BIM,172,306,0.9127906976744186,0.6111111111111112,0.7320898685883851,0.4311571589065037,0.5117164458056643,0.47574794008556737,0.816771970132108,0.6510067114093959,0.7291940991581576,0.6928104575163399,0.6460027101713012
P5COMP,CYC,Collins,20741,408,0.8448965816498722,0.6348039215686274,0.7249354341431455,0.4414999008168089,0.49026944753010815,0.5926612982182172,0.7494791666666667,0.6574251646793963,0.7019447731621128,0.6519607843137255,0.06513092037339298
PC2P,CYC,Collins,209,408,0.9043062200956937,0.5318627450980392,0.6697913689625608,0.38070793872545033,0.34197534832754606,0.4129621666272462,0.6401041666666667,0.7383399209486166,0.687469606466749,0.5833333333333334,0.6726577492829489
CUBCO+,CYC,Collins,1684,408,0.44358669833729214,0.9313725490196079,0.6009552279251739,0.5247435067936038,0.34278969585102403,0.8424779765370473,0.89375,0.6730733690630197,0.7756025551789227,0.9485294117647058,0.3495746257007805
ClusterOne,CYC,Collins,125,408,0.968,0.36764705882352944,0.5328987932705012,0.27335366542415007,0.25652463626921557,0.2523341116507138,0.5625,0.6945812807881774,0.6250615733216607,0.39950980392156865,0.504691903192465
P5COMP,CYC,Gavin,19391,408,0.8523541849311537,0.5367647058823529,0.6587105630882762,0.3813777190445548,0.40719764202261655,0.5026819855202513,0.6958333333333333,0.6655393980385526,0.6805178159327102,0.5588235294117647,0.05736265871130968
PC2P,CYC,Gavin,183,408,0.8852459016393442,0.46078431372549017,0.6060895522388059,0.3338704903476173,0.31079085095855274,0.3560022504274377,0.5291666666666667,0.7620783956244302,0.6350326640034046,0.4950980392156863,0.6129403016863965
CUBCO+,CYC,Gavin,1684,408,0.44418052256532065,0.9313725490196079,0.6014999407472618,0.5249510582499168,0.3732053504087524,0.8431282366410888,0.89375,0.6729809647015339,0.7755493131980686,0.9485294117647058,0.34955654341090714
ClusterOne,CYC,Gavin,110,408,0.9,0.2867647058823529,0.43494423791821557,0.21566820276497692,0.22704937393782046,0.2130460499307818,0.4296875,0.738045738045738,0.5631421029070087,0.3137254901960784,0.4576201265237951
P5COMP,CYC,KroganCore,19910,408,0.863184329482672,0.6372549019607843,0.7332098944512231,0.44421468911950585,0.43042462305518414,0.5965598324106414,0.740625,0.665452293637007,0.7020331936418023,0.6593137254901961,0.06641865959741111
PC2P,CYC,KroganCore,219,408,0.8447488584474886,0.5098039215686274,0.6358648952343181,0.3639183642588284,0.3236228713089781,0.41651288958201904,0.5395833333333333,0.7506654835847383,0.6364327017453861,0.571078431372549,0.661887709950295
CUBCO+,CYC,KroganCore,1686,408,0.4442467378410439,0.9313725490196079,0.6015606506374488,0.5249741773646157,0.3707857146120774,0.8424779765370473,0.89375,0.6731905465288035,0.7756700657883596,0.9485294117647058,0.3493910721137557
ClusterOne,CYC,KroganCore,132,408,0.8560606060606061,0.33088235294117646,0.4772855265627933,0.2457115245228316,0.20619040982811837,0.24195165919050945,0.45989583333333334,0.7015355086372361,0.568008149023978,0.39215686274509803,0.4826284743229537
P5COMP,CYC,KroganExt,20186,408,0.86624393143763,0.6568627450980392,0.7471615422536872,0.4562902701590076,0.44961876832486897,0.6121393745364638,0.746875,0.6556669152412671,0.6997865584025041,0.6740196078431373,0.06734248251127221
PC2P,CYC,KroganExt,225,408,0.8533333333333334,0.5269607843137255,0.6515614271846959,0.3752258240447217,0.3219878026648218,0.4306213286887394,0.5661458333333333,0.7437874892887746,0.6489161640353097,0.5955882352941176,0.6748796243653349
CUBCO+,CYC,KroganExt,1689,408,0.443457667258733,0.9313725490196079,0.6008368059513708,0.5246983565154071,0.37447155472096566,0.8424779765370473,0.89375,0.6716431580875618,0.7747780795432705,0.9485294117647058,0.3490086141798677
ClusterOne,CYC,KroganExt,132,408,0.8712121212121212,0.3284313725490196,0.4770307082714215,0.24432394723490616,0.2063485761901848,0.24418407050596574,0.46510416666666665,0.6791778373547811,0.5620395378097206,0.39215686274509803,0.4809928013790002
P5COMP,CYC,BIM,22511,408,0.8405668339922704,0.9485294117647058,0.8912906351309976,0.6191000514302343,0.6595280669125815,0.8989197340398153,0.9536458333333333,0.6730563117818185,0.80116000107933,0.9754901960784313,0.0935334160697893
PC2P,CYC,BIM,307,408,0.9511400651465798,0.8308823529411765,0.8869534830584788,0.5658453768686951,0.6580853466386237,0.6758694245294276,0.9260416666666667,0.7521978021978022,0.8346055993163816,0.9068627450980392,0.8290169887512387
CUBCO+,CYC,BIM,1692,408,0.4438534278959811,0.9313725490196079,0.6011999561813755,0.5248367816091954,0.442419239040713,0.8431282366410888,0.8942708333333333,0.6727472728939408,0.775640550998716,0.9485294117647058,0.3487260859522495
ClusterOne,CYC,BIM,209,408,0.9521531100478469,0.5955882352941176,0.7327983997454139,0.4234904662756405,0.45504573230498147,0.4497041556733898,0.8359375,0.6864224137931034,0.7574999911090247,0.6862745098039216,0.6460513995886064
P5COMP,SGD,Collins,18495,306,0.8898080562314139,0.6339869281045751,0.7404233272478998,0.4439296922471534,0.5299971089314295,0.6037802964183753,0.7449741527857553,0.5258555561446294,0.6258983922543079,0.7058823529411765,0.05905914496156204
PC2P,SGD,Collins,168,306,0.8214285714285714,0.5294117647058824,0.6438569206842923,0.3751699139102855,0.3618641126641216,0.4085364313569254,0.5640436530729466,0.6383363471971067,0.6000413028803074,0.6241830065359477,0.6480992304974383
CUBCO+,SGD,Collins,1695,306,0.32212389380530976,0.8496732026143791,0.4671457905544148,0.44498777506112475,0.339826367615949,0.7586746217743938,0.8322802986789202,0.5424601132269686,0.6719217700431668,0.9313725490196079,0.273167950377725
ClusterOne,SGD,Collins,108,306,0.8981481481481481,0.3790849673202614,0.5331438047855959,0.2796604903751755,0.29760848192679346,0.28374239773713794,0.49511774842044803,0.6179337231968811,0.5531274298950506,0.434640522875817,0.5112005100521464
P5COMP,SGD,Gavin,17385,306,0.8471095772217428,0.5424836601307189,0.6614066499900167,0.38471332768384253,0.40522653716779006,0.5127663489610014,0.6771970132107984,0.5430025643018106,0.6063989732106995,0.6143790849673203,0.05131798140909072
PC2P,SGD,Gavin,141,306,0.8439716312056738,0.4542483660130719,0.5906128934354525,0.32808215442135374,0.30038930898356647,0.3449021635444162,0.49167145318782307,0.6621761658031088,0.5705901486239973,0.5196078431372549,0.5949336079808464
CUBCO+,SGD,Gavin,1699,306,0.32195409064155384,0.8496732026143791,0.4669672085395044,0.4449067375747859,0.33163049793251187,0.7583478243887729,0.8317059161401493,0.5420206776538028,0.67141775689578,0.9313725490196079,0.27286329706021045
ClusterOne,SGD,Gavin,94,306,0.8829787234042553,0.3235294117647059,0.47354771784232363,0.2411516111991548,0.25639141446841496,0.23767610683567858,0.42044801838024126,0.632420091324201,0.5156547044109183,0.37254901960784315,0.474050591128419
P5COMP,SGD,KroganCore,17945,306,0.8898300362217888,0.6143790849673203,0.7268842552931839,0.43186713037723845,0.44450407128562175,0.5775685681883912,0.7174037909247559,0.5344179872756784,0.6191877663600514,0.6797385620915033,0.056655526193240324
PC2P,SGD,KroganCore,164,306,0.8048780487804879,0.4803921568627451,0.6016744186046512,0.3433303253888211,0.29961897265613124,0.38886669645927,0.5221137277426766,0.6370510396975425,0.5767261855498083,0.5816993464052288,0.6223647579906654
CUBCO+,SGD,KroganCore,1694,306,0.32113341204250295,0.8496732026143791,0.46610337054954326,0.4445142839184136,0.3223447044543845,0.7592148378608283,0.8322802986789202,0.541465419792416,0.6713054456126055,0.9313725490196079,0.27327073290980164
ClusterOne,SGD,KroganCore,108,306,0.8796296296296297,0.3562091503267974,0.5070760491650752,0.26361680732169906,0.25932096437365393,0.2731981230268628,0.462952326249282,0.6217038539553753,0.5364878800371774,0.4215686274509804,0.5010852195782692
P5COMP,SGD,KroganExt,18091,306,0.8542369133823449,0.630718954248366,0.7256557914391203,0.43965240063423805,0.4356866148611519,0.6000733538112969,0.723147616312464,0.5413702536395018,0.6256921035636296,0.7124183006535948,0.05840511304767643
PC2P,SGD,KroganExt,172,306,0.8023255813953488,0.5032679738562091,0.6185458990628091,0.35773562038143647,0.311810573319338,0.41059330190560284,0.5491097070649053,0.6423423423423423,0.5938993310646079,0.6078431372549019,0.6337237590755906
CUBCO+,SGD,KroganExt,1698,306,0.3209658421672556,0.8496732026143791,0.46592683929305384,0.44443398963405545,0.3244575276899004,0.7583478243887729,0.8317059161401493,0.5422390814025015,0.6715530150069021,0.9313725490196079,0.27297769418997336
ClusterOne,SGD,KroganExt,109,306,0.8899082568807339,0.35947712418300654,0.5120944519101555,0.2660847880299252,0.2694307640913892,0.27462332273637624,0.4658242389431361,0.6211365902293121,0.5379037826817208,0.4215686274509804,0.49912467064675226
P5COMP,SGD,BIM,20085,306,0.8287279063978094,0.8562091503267973,0.8422444194661073,0.567668712934181,0.6157423464360334,0.8133572156204781,0.8994830557151062,0.5242035545400645,0.6866674705084096,0.9215686274509803,0.07551931579312766
PC2P,SGD,BIM,216,306,0.9166666666666666,0.7647058823529411,0.8338192419825073,0.5242896425297892,0.6160347347010142,0.6042876785774337,0.8604250430786904,0.6682926829268293,0.7582979364975819,0.8562091503267973,0.7535636617279139
CUBCO+,SGD,BIM,1699,306,0.32195409064155384,0.8496732026143791,0.4669672085395044,0.4449067375747859,0.4374184164539698,0.7583478243887729,0.8317059161401493,0.5426666666666666,0.6718177410270743,0.9313725490196079,0.2729190574427525
ClusterOne,SGD,BIM,172,306,0.9127906976744186,0.6111111111111112,0.7320898685883851,0.4311571589065037,0.5117164458056643,0.47574794008556737,0.816771970132108,0.6510067114093959,0.7291940991581576,0.6928104575163399,0.6460027101713012
P5COMP,CYC,Collins,21389,408,0.8452943101594278,0.6348039215686274,0.7250817972295821,0.44152704039848617,0.49108697935383216,0.5926612982182172,0.7494791666666667,0.6569179099563172,0.7016739183712538,0.6519607843137255,0.06409341029280032
PC2P,CYC,Collins,209,408,0.8995215311004785,0.5294117647058824,0.6665353555249163,0.37892615195117857,0.3438210523460392,0.41328896401286713,0.6395833333333333,0.7383399209486166,0.6871898629733896,0.5808823529411765,0.6721277676223001
CUBCO+,CYC,Collins,1701,408,0.442092886537331,0.9313725490196079,0.5995828769738857,0.524219660071728,0.343698658714109,0.8424779765370473,0.89375,0.6736775015933716,0.775950557090512,0.9485294117647058,0.34785476597960124
ClusterOne,CYC,Collins,125,408,0.968,0.36764705882352944,0.5328987932705012,0.27335366542415007,0.25652463626921557,0.2523341116507138,0.5625,0.6945812807881774,0.6250615733216607,0.39950980392156865,0.504691903192465
P5COMP,CYC,Gavin,20006,408,0.8529441167649705,0.5367647058823529,0.6588866538204596,0.3814072274267875,0.4069675627883664,0.5026819855202513,0.6958333333333333,0.6648977361620497,0.6801896853668293,0.5588235294117647,0.056441366207777975
PC2P,CYC,Gavin,183,408,0.8852459016393442,0.46078431372549017,0.6060895522388059,0.3338704903476173,0.31079085095855274,0.3550831327803789,0.5286458333333334,0.7625570776255708,0.6349193820994924,0.49264705882352944,0.612734345733419
CUBCO+,CYC,Gavin,1697,408,0.4413671184443135,0.9313725490196079,0.5989150425271343,0.5239642492245101,0.3757858502955991,0.8424779765370473,0.8932291666666666,0.6731787474895016,0.7754372261103782,0.9485294117647058,0.3482467657250152
ClusterOne,CYC,Gavin,110,408,0.9,0.2867647058823529,0.43494423791821557,0.21566820276497692,0.22704937393782046,0.2130460499307818,0.4296875,0.738045738045738,0.5631421029070087,0.3137254901960784,0.4576201265237951
P5COMP,CYC,KroganCore,20535,408,0.8638422205989773,0.6372549019607843,0.7334471318666744,0.444258218696134,0.43117353108978895,0.5965598324106414,0.740625,0.6647825800219573,0.7016798403323001,0.6593137254901961,0.065360027072738
PC2P,CYC,KroganCore,219,408,0.8447488584474886,0.5098039215686274,0.6358648952343181,0.3639183642588284,0.32366472713176697,0.41651288958201904,0.5395833333333333,0.7506654835847383,0.6364327017453861,0.571078431372549,0.661887709950295
CUBCO+,CYC,KroganCore,1701,408,0.4426807760141093,0.9313725490196079,0.6001233216303623,0.5244261168384879,0.37329497697193725,0.8431282366410888,0.8942708333333333,0.6738596012018574,0.7762815128008993,0.9485294117647058,0.3478347708493998
ClusterOne,CYC,KroganCore,132,408,0.8560606060606061,0.33088235294117646,0.4772855265627933,0.2457115245228316,0.20619040982811837,0.24195165919050945,0.45989583333333334,0.7015355086372361,0.568008149023978,0.39215686274509803,0.4826284743229537
P5COMP,CYC,KroganExt,20817,408,0.866647451602056,0.6568627450980392,0.7473116035909378,0.4563182491228239,0.4502721658772612,0.6121393745364638,0.746875,0.6552175125698219,0.6995466958685358,0.6740196078431373,0.06627415835916056
PC2P,CYC,KroganExt,225,408,0.8533333333333334,0.5245098039215687,0.6496845500687823,0.3736716458631745,0.32426169966633545,0.4319829844621599,0.5661458333333333,0.7446443873179092,0.6492898560697581,0.5931372549019608,0.6748796243653349
CUBCO+,CYC,KroganExt,1700,408,0.4411764705882353,0.9313725490196079,0.5987394957983193,0.5238970588235293,0.37448039366939956,0.8424779765370473,0.89375,0.6737264926054409,0.7759787708218009,0.9485294117647058,0.34793178589785245
ClusterOne,CYC,KroganExt,132,408,0.8712121212121212,0.3284313725490196,0.4770307082714215,0.24432394723490616,0.2063485761901848,0.24418407050596574,0.46510416666666665,0.6791778373547811,0.5620395378097206,0.39215686274509803,0.4809928013790002
P5COMP,CYC,BIM,23192,408,0.8407640565712314,0.9485294117647058,0.8914014946403309,0.6191267932337823,0.6595639717973215,0.8989197340398153,0.9536458333333333,0.6724516077831567,0.8008000211542882,0.9754901960784313,0.09208155367837251
PC2P,CYC,BIM,307,408,0.9511400651465798,0.8308823529411765,0.8869534830584788,0.5658453768686951,0.6580853466386237,0.6758694245294276,0.9260416666666667,0.7521978021978022,0.8346055993163816,0.9068627450980392,0.8290169887512389
CUBCO+,CYC,BIM,1706,408,0.44079718640093785,0.9313725490196079,0.5983901094759061,0.5237632654557451,0.44226443387917597,0.8432949700010994,0.8932291666666666,0.6737865842574078,0.7757872318924978,0.9485294117647058,0.34740410665136007
ClusterOne,CYC,BIM,209,408,0.9521531100478469,0.5955882352941176,0.7327983997454139,0.4234904662756405,0.45504573230498147,0.4497041556733898,0.8359375,0.6864224137931034,0.7574999911090247,0.6862745098039216,0.6460513995886064
P5COMP,SGD,Collins,19072,306,0.8903104026845637,0.6405228758169934,0.7450376046900422,0.4479621308809431,0.5364282224450216,0.6048877143988582,0.7449741527857553,0.525155875989505,0.6254818572874378,0.7058823529411765,0.05813599440401293
PC2P,SGD,Collins,168,306,0.8214285714285714,0.5294117647058824,0.6438569206842923,0.3751699139102855,0.35954504618760114,0.40744710673818907,0.5640436530729466,0.6383363471971067,0.6000413028803074,0.6241830065359477,0.6480992304974384
CUBCO+,SGD,Collins,1708,306,0.32084309133489464,0.8496732026143791,0.4657974918596592,0.4443751364501138,0.3381675498080002,0.7583478243887729,0.8317059161401493,0.5421575658231739,0.6715025353453821,0.9313725490196079,0.2721497478904216
ClusterOne,SGD,Collins,108,306,0.8981481481481481,0.3790849673202614,0.5331438047855959,0.2796604903751755,0.29760848192679346,0.28374239773713794,0.49511774842044803,0.6179337231968811,0.5531274298950506,0.434640522875817,0.5112005100521464
P5COMP,SGD,Gavin,17924,306,0.8474670832403481,0.5424836601307189,0.6615155930511926,0.3847317547502518,0.4051446697999827,0.5127663489610014,0.6771970132107984,0.5423039588634992,0.6060087632986452,0.6143790849673203,0.050522932779458685
PC2P,SGD,Gavin,141,306,0.8439716312056738,0.4542483660130719,0.5906128934354525,0.32808215442135374,0.3001119708701961,0.3449021635444162,0.49167145318782307,0.6614906832298136,0.5702947356357135,0.5196078431372549,0.5948988897445631
CUBCO+,SGD,Gavin,1706,306,0.32004689331770225,0.8496732026143791,0.46495784722813593,0.44399268143931686,0.3291572025736903,0.7595416352464494,0.832854681217691,0.5413764850471119,0.6714818983953823,0.9313725490196079,0.2722852419352482
ClusterOne,SGD,Gavin,94,306,0.8829787234042553,0.3235294117647059,0.47354771784232363,0.2411516111991548,0.25639141446841496,0.23767610683567858,0.42044801838024126,0.632420091324201,0.5156547044109183,0.37254901960784315,0.474050591128419
P5COMP,SGD,KroganCore,18502,306,0.8901199870284293,0.6176470588235294,0.7292638388677558,0.4339014989938123,0.4477839163833373,0.5785588632963333,0.7174037909247559,0.5338603174818949,0.6188646181401916,0.6797385620915033,0.05576944908355461
PC2P,SGD,KroganCore,164,306,0.8048780487804879,0.4803921568627451,0.6016744186046512,0.3433303253888211,0.3001298382772932,0.3886851423561473,0.5226881102814475,0.6364494806421152,0.5767708178526683,0.5849673202614379,0.6225507550684451
CUBCO+,SGD,KroganCore,1706,306,0.3212192262602579,0.8496732026143791,0.4661937544171923,0.44455538221528856,0.3233839948091757,0.7591619152072865,0.8322802986789202,0.5431680525613387,0.6723600739325607,0.9313725490196079,0.27236611947829115
ClusterOne,SGD,KroganCore,108,306,0.8796296296296297,0.3562091503267974,0.5070760491650752,0.26361680732169906,0.25932096437365393,0.2731981230268628,0.462952326249282,0.6217038539553753,0.5364878800371774,0.4215686274509804,0.5010852195782692
P5COMP,SGD,KroganExt,18659,306,0.8545474033978241,0.6339869281045751,0.727926621152378,0.4416567055838984,0.4393614827691481,0.601063648919239,0.723147616312464,0.5406637787838322,0.6252837138883577,0.7124183006535948,0.05747522887120252
PC2P,SGD,KroganExt,172,306,0.8023255813953488,0.5032679738562091,0.6185458990628091,0.35773562038143647,0.31193739187621816,0.41008495041685916,0.5491097070649053,0.6414414414414414,0.5934827057372443,0.6111111111111112,0.633905379138426
CUBCO+,SGD,KroganExt,1708,306,0.32142857142857145,0.8496732026143791,0.46641419174805665,0.44465558194774346,0.3251058320105589,0.7592148378608283,0.8322802986789202,0.541828198326872,0.6715302932378778,0.9313725490196079,0.2721329608220846
ClusterOne,SGD,KroganExt,109,306,0.8899082568807339,0.35947712418300654,0.5120944519101555,0.2660847880299252,0.2694307640913892,0.27462332273637624,0.4658242389431361,0.6211365902293121,0.5379037826817208,0.4215686274509804,0.49912467064675226
P5COMP,SGD,BIM,20683,306,0.8290866895518059,0.8562091503267973,0.8424296710535322,0.5677107838773471,0.6165759785538188,0.8133572156204781,0.8994830557151062,0.5235447082713025,0.6862358151534682,0.9215686274509803,0.07438083379755896
PC2P,SGD,BIM,216,306,0.9166666666666666,0.7647058823529411,0.8338192419825073,0.5242896425297892,0.6160347347010142,0.6042876785774337,0.8604250430786904,0.6682926829268293,0.7582979364975819,0.8562091503267973,0.7535636617279139
CUBCO+,SGD,BIM,1708,306,0.32201405152224827,0.8496732026143791,0.4670302753192463,0.444935359915369,0.44055982012166456,0.7591619152072866,0.8322802986789202,0.5431706316652994,0.6723616702013978,0.9313725490196079,0.2722011150007212
ClusterOne,SGD,BIM,172,306,0.9127906976744186,0.6111111111111112,0.7320898685883851,0.4311571589065037,0.5117164458056643,0.47574794008556737,0.816771970132108,0.6510067114093959,0.7291940991581576,0.6928104575163399,0.6460027101713012
P5COMP,CYC,Collins,22026,408,0.8453645691455552,0.6348039215686274,0.7251076441842671,0.44153183231480564,0.4918359842415085,0.5937753802146521,0.7494791666666667,0.6562383915715292,0.7013109173895009,0.6519607843137255,0.06312442166432301
PC2P,CYC,Collins,209,408,0.9043062200956937,0.5318627450980392,0.6697913689625608,0.38070793872545033,0.3464899632193946,0.41450278287374487,0.6401041666666667,0.7399209486166007,0.6882052616868304,0.5808823529411765,0.6733018808397374
CUBCO+,CYC,Collins,1709,408,0.44177881802223523,0.9313725490196079,0.5992939652831449,0.5241092061636266,0.342856296494767,0.8431507946839137,0.89375,0.6747075360478825,0.7765435340937397,0.9485294117647058,0.34704968323968727
ClusterOne,CYC,Collins,125,408,0.968,0.36764705882352944,0.5328987932705012,0.27335366542415007,0.25652463626921557,0.2523341116507138,0.5625,0.6945812807881774,0.6250615733216607,0.39950980392156865,0.504691903192465
P5COMP,CYC,Gavin,20608,408,0.8530182453416149,0.5367647058823529,0.6589087701354102,0.381410932773294,0.40746854515284087,0.5026819855202513,0.6958333333333333,0.6642489960144529,0.6798577741410748,0.5588235294117647,0.055584572261356435
PC2P,CYC,Gavin,183,408,0.8852459016393442,0.46078431372549017,0.6060895522388059,0.3338704903476173,0.31079085095855274,0.3550831327803789,0.5291666666666667,0.7618613138686131,0.6349422114823845,0.49264705882352944,0.612734345733419
CUBCO+,CYC,Gavin,1707,408,0.44112478031634444,0.9313725490196079,0.5986918914847408,0.5238788344821903,0.3701089666825661,0.8439452301051411,0.8942708333333333,0.6745411593676177,0.7766739886885051,0.9485294117647058,0.34724198195187556
ClusterOne,CYC,Gavin,110,408,0.9,0.2867647058823529,0.43494423791821557,0.21566820276497692,0.22704937393782046,0.2130460499307818,0.4296875,0.738045738045738,0.5631421029070087,0.3137254901960784,0.4576201265237951
P5COMP,CYC,KroganCore,21153,408,0.864132747128067,0.6372549019607843,0.7335518303835613,0.4442774230911071,0.43214387842882956,0.5976739144070764,0.740625,0.6641249418927228,0.701332685028509,0.6593137254901961,0.06437005901420272
PC2P,CYC,KroganCore,219,408,0.8493150684931506,0.5122549019607843,0.6390649273789856,0.3656913861588717,0.3221498914795751,0.4161860921963981,0.5401041666666667,0.7506654835847383,0.6367397862996826,0.5735294117647058,0.6624054501981496
CUBCO+,CYC,KroganCore,1712,408,0.44042056074766356,0.9313725490196079,0.598042980947451,0.5236302496436274,0.3678958952913426,0.8432949700010994,0.8932291666666666,0.6741958800144561,0.7760228244551913,0.9485294117647058,0.3468216553705843
ClusterOne,CYC,KroganCore,132,408,0.8560606060606061,0.33088235294117646,0.4772855265627933,0.2457115245228316,0.20619040982811837,0.24195165919050945,0.45989583333333334,0.7015355086372361,0.568008149023978,0.39215686274509803,0.4826284743229537
P5COMP,CYC,KroganExt,21447,408,0.8667878957429943,0.6568627450980392,0.7473638134017615,0.4563279818213276,0.45081896788627585,0.6132534565328988,0.746875,0.6546259935740982,0.699230855262162,0.6740196078431373,0.06525705254281215
PC2P,CYC,KroganExt,225,408,0.8533333333333334,0.5269607843137255,0.6515614271846959,0.3752258240447217,0.3221212196715335,0.4306213286887394,0.5661458333333333,0.7437874892887746,0.6489161640353097,0.5955882352941176,0.6748796243653349
CUBCO+,CYC,KroganExt,1712,408,0.4380841121495327,0.9313725490196079,0.595885255498871,0.5228014821880619,0.36910922896911796,0.8439452301051411,0.8942708333333333,0.6738815431986959,0.7762941512108992,0.9485294117647058,0.3467621866391366
ClusterOne,CYC,KroganExt,132,408,0.8712121212121212,0.3284313725490196,0.4770307082714215,0.24432394723490616,0.2063485761901848,0.24418407050596574,0.46510416666666665,0.6791778373547811,0.5620395378097206,0.39215686274509803,0.4809928013790002
P5COMP,CYC,BIM,23862,408,0.8407509848294359,0.9485294117647058,0.8913941477242393,0.61912502112694,0.660362596750437,0.8993282307718414,0.9536458333333333,0.6717385690255666,0.8003753415995069,0.9754901960784313,0.09073317753514261
PC2P,CYC,BIM,307,408,0.9543973941368078,0.8333333333333334,0.889766170665047,0.5675544794188863,0.6580571480682257,0.6775034114575322,0.9265625,0.7516483516483516,0.8345353053191793,0.9093137254901961,0.8295714949487671
CUBCO+,CYC,BIM,1716,408,0.4376456876456876,0.9313725490196079,0.5954795469531179,0.5226452759005915,0.43807682638755713,0.8432949700010994,0.89375,0.6752507454594742,0.7768560701664144,0.9485294117647058,0.34638824024055015
ClusterOne,CYC,BIM,209,408,0.9521531100478469,0.5955882352941176,0.7327983997454139,0.4234904662756405,0.45504573230498147,0.4497041556733898,0.8359375,0.6864224137931034,0.7574999911090247,0.6862745098039216,0.6460513995886064
P5COMP,SGD,Collins,19650,306,0.8902798982188295,0.6372549019607843,0.7428115276855067,0.4459609047385135,0.5341144385373018,0.6048017150868527,0.7449741527857553,0.5244998040262574,0.6250910310832781,0.7058823529411765,0.0572522371441833
PC2P,SGD,Collins,168,306,0.8214285714285714,0.5294117647058824,0.6438569206842923,0.3751699139102855,0.35954504618760114,0.40744710673818907,0.5640436530729466,0.6383363471971067,0.6000413028803074,0.6241830065359477,0.6480992304974384
CUBCO+,SGD,Collins,1717,306,0.32032615026208505,0.8496732026143791,0.46525247267048414,0.4441269644077272,0.34049469052720976,0.7583478243887729,0.8317059161401493,0.5421822272215973,0.6715178076613048,0.9313725490196079,0.27145666888123293
ClusterOne,SGD,Collins,108,306,0.8981481481481481,0.3790849673202614,0.5331438047855959,0.2796604903751755,0.29760848192679346,0.28374239773713794,0.49511774842044803,0.6179337231968811,0.5531274298950506,0.434640522875817,0.5112005100521464
P5COMP,SGD,Gavin,18476,306,0.8474236847802554,0.5424836601307189,0.6615023711965474,0.3847295185822219,0.40568347334552884,0.5127663489610014,0.6771970132107984,0.5417162707387237,0.6056803121713268,0.6143790849673203,0.049747477264768795
PC2P,SGD,Gavin,141,306,0.8439716312056738,0.4542483660130719,0.5906128934354525,0.32808215442135374,0.30038930898356647,0.3449021635444162,0.49167145318782307,0.6621761658031088,0.5705901486239973,0.5196078431372549,0.5949336079808464
CUBCO+,SGD,Gavin,1715,306,0.319533527696793,0.8496732026143791,0.46441586210942853,0.4437454256661009,0.3294079662286968,0.7591619152072865,0.8322802986789202,0.5434671045879093,0.6725451391011559,0.9313725490196079,0.27168100550193836
ClusterOne,SGD,Gavin,94,306,0.8829787234042553,0.3235294117647059,0.47354771784232363,0.2411516111991548,0.25639141446841496,0.23767610683567858,0.42044801838024126,0.632420091324201,0.5156547044109183,0.37254901960784315,0.474050591128419
P5COMP,SGD,KroganCore,19063,306,0.8904684467292662,0.6176470588235294,0.7293807603892896,0.43392219223370887,0.44889779768977806,0.5785588632963333,0.7174037909247559,0.5333350844992267,0.6185601114305063,0.6797385620915033,0.05491671730728018
PC2P,SGD,KroganCore,164,306,0.8048780487804879,0.4803921568627451,0.6016744186046512,0.3433303253888211,0.29956394419313315,0.38886669645927,0.5221137277426766,0.6370510396975425,0.5767261855498083,0.5816993464052288,0.6223647579906654
CUBCO+,SGD,KroganCore,1718,306,0.32072176949941794,0.8496732026143791,0.46566962355717506,0.4443169394670119,0.3239041029252624,0.7583478243887729,0.8317059161401493,0.542769545222279,0.6718814194945919,0.9313725490196079,0.2714087600757904
ClusterOne,SGD,KroganCore,108,306,0.8796296296296297,0.3562091503267974,0.5070760491650752,0.26361680732169906,0.25932096437365393,0.2731981230268628,0.462952326249282,0.6217038539553753,0.5364878800371774,0.4215686274509804,0.5010852195782692
P5COMP,SGD,KroganExt,19216,306,0.8550686927560366,0.6339869281045751,0.7281156811664052,0.4416914980787627,0.44049555839896426,0.601063648919239,0.723147616312464,0.540107269726721,0.6249618265589598,0.7124183006535948,0.056606584017167866
PC2P,SGD,KroganExt,172,306,0.8023255813953488,0.5032679738562091,0.6185458990628091,0.35773562038143647,0.3121171719853665,0.41008495041685916,0.5491097070649053,0.6414414414414414,0.5934827057372443,0.6111111111111112,0.633905379138426
CUBCO+,SGD,KroganExt,1720,306,0.32034883720930235,0.8496732026143791,0.46527640198374165,0.4441378668919495,0.3334735275575918,0.7583478243887729,0.8317059161401493,0.5430288216722681,0.6720418763882496,0.9313725490196079,0.2712091669552753
ClusterOne,SGD,KroganExt,109,306,0.8899082568807339,0.35947712418300654,0.5120944519101555,0.2660847880299252,0.2694307640913892,0.27462332273637624,0.4658242389431361,0.6211365902293121,0.5379037826817208,0.4215686274509804,0.49912467064675226
P5COMP,SGD,BIM,21294,306,0.8293885601577909,0.8562091503267973,0.8425854757234031,0.5677461578796159,0.6177493545298737,0.8133572156204781,0.8994830557151062,0.5231554594512878,0.6859806639266771,0.9215686274509803,0.0732802266163866
PC2P,SGD,BIM,216,306,0.9166666666666666,0.7647058823529411,0.8338192419825073,0.5242896425297892,0.6160347347010142,0.6042876785774337,0.8604250430786904,0.6682926829268293,0.7582979364975819,0.8562091503267973,0.7535636617279139
CUBCO+,SGD,BIM,1721,306,0.32016269610691456,0.8496732026143791,0.46508004012557097,0.4440483847220823,0.4386127128650492,0.7583478243887729,0.8317059161401493,0.5421379802303067,0.6714904061279039,0.9313725490196079,0.27114483693601865
ClusterOne,SGD,BIM,172,306,0.9127906976744186,0.6111111111111112,0.7320898685883851,0.4311571589065037,0.5117164458056643,0.47574794008556737,0.816771970132108,0.6510067114093959,0.7291940991581576,0.6928104575163399,0.6460027101713012
P5COMP,CYC,Collins,22677,408,0.8455704017286237,0.6348039215686274,0.7251833519837527,0.441545866854138,0.49255829256463185,0.5937753802146521,0.7494791666666667,0.655815275262183,0.7010847922974592,0.6519607843137255,0.06216469527829138
PC2P,CYC,Collins,209,408,0.9090909090909091,0.5343137254901961,0.6730472368014819,0.3824896920782525,0.34462006408028284,0.41417598548812395,0.640625,0.7399209486166007,0.6884851906232333,0.5833333333333334,0.6738318625003861
CUBCO+,CYC,Collins,1725,408,0.43768115942028984,0.9313725490196079,0.595512381426822,0.5226579223026825,0.3387739533288415,0.8439452301051411,0.8942708333333333,0.6754865907256257,0.7772180880510293,0.9485294117647058,0.34552716659778
ClusterOne,CYC,Collins,125,408,0.968,0.36764705882352944,0.5328987932705012,0.27335366542415007,0.25652463626921557,0.2523341116507138,0.5625,0.6945812807881774,0.6250615733216607,0.39950980392156865,0.504691903192465
P5COMP,CYC,Gavin,21218,408,0.8528136487887643,0.5367647058823529,0.6588477228733159,0.381400704543266,0.40801859906088417,0.5026819855202513,0.6958333333333333,0.6637428405473167,0.6795987001269017,0.5588235294117647,0.05474141996412272
PC2P,CYC,Gavin,183,408,0.8852459016393442,0.46078431372549017,0.6060895522388059,0.3338704903476173,0.31079085095855274,0.3560022504274377,0.5291666666666667,0.7620783956244302,0.6350326640034046,0.4950980392156863,0.6129403016863965
CUBCO+,CYC,Gavin,1726,408,0.4380069524913094,0.9313725490196079,0.5958138724583337,0.5227740068786053,0.36896337513323074,0.8439452301051411,0.8942708333333333,0.6761119081779053,0.7775777514518053,0.9485294117647058,0.3454866342259268
ClusterOne,CYC,Gavin,110,408,0.9,0.2867647058823529,0.43494423791821557,0.21566820276497692,0.22704937393782046,0.2130460499307818,0.4296875,0.738045738045738,0.5631421029070087,0.3137254901960784,0.4576201265237951
P5COMP,CYC,KroganCore,21773,408,0.8642355210581913,0.6372549019607843,0.7335888578438238,0.44428421396278484,0.43276395067806195,0.5976976003520426,0.740625,0.6636789030760302,0.7010971313524859,0.6593137254901961,0.06341937616838705
PC2P,CYC,KroganCore,219,408,0.8447488584474886,0.5098039215686274,0.6358648952343181,0.3639183642588284,0.32366472713176697,0.41651288958201904,0.5395833333333333,0.7506654835847383,0.6364327017453861,0.571078431372549,0.661887709950295
CUBCO+,CYC,KroganCore,1724,408,0.43677494199535966,0.9313725490196079,0.594673006741872,0.522334386009748,0.36743236038266414,0.8432949700010994,0.89375,0.6753573676166502,0.7769174005693148,0.9485294117647058,0.3455827450808296
ClusterOne,CYC,KroganCore,132,408,0.8560606060606061,0.33088235294117646,0.4772855265627933,0.2457115245228316,0.20619040982811837,0.24195165919050945,0.45989583333333334,0.7015355086372361,0.568008149023978,0.39215686274509803,0.4826284743229537
P5COMP,CYC,KroganExt,22074,408,0.867264655250521,0.6568627450980392,0.7475409759631384,0.4563610005623355,0.45152942410208413,0.6132534565328988,0.746875,0.6542080124081288,0.699007588848162,0.6740196078431373,0.06429447091852553
PC2P,CYC,KroganExt,225,408,0.8533333333333334,0.5269607843137255,0.6515614271846959,0.3752258240447217,0.3221212196715335,0.4306213286887394,0.5661458333333333,0.7437874892887746,0.6489161640353097,0.5955882352941176,0.6748796243653349
CUBCO+,CYC,KroganExt,1738,408,0.4344073647871116,0.9313725490196079,0.5924748058813811,0.5214846590082884,0.3665715312115401,0.8435494948879774,0.8932291666666666,0.6737972661104208,0.7757933813265548,0.9485294117647058,0.34415525405761793
ClusterOne,CYC,KroganExt,132,408,0.8712121212121212,0.3284313725490196,0.4770307082714215,0.24432394723490616,0.2063485761901848,0.24418407050596574,0.46510416666666665,0.6791778373547811,0.5620395378097206,0.39215686274509803,0.4809928013790002
P5COMP,CYC,BIM,24539,408,0.8411508211418558,0.9485294117647058,0.8916188254337605,0.6191792057058575,0.6610274469375474,0.8993282307718414,0.9536458333333333,0.6711587199675599,0.8000298224456367,0.9754901960784313,0.08942638552401666
PC2P,CYC,BIM,307,408,0.9511400651465798,0.8308823529411765,0.8869534830584788,0.5658453768686951,0.6580853466386237,0.6758694245294276,0.9260416666666667,0.7521978021978022,0.8346055993163816,0.9068627450980392,0.8290169887512389
CUBCO+,CYC,BIM,1739,408,0.4341575618171363,0.9313725490196079,0.5922424292467436,0.5213946261278862,0.43428094307219295,0.8435494948879774,0.8932291666666666,0.6732541651896491,0.7754806618654089,0.9485294117647058,0.34397533198318225
ClusterOne,CYC,BIM,209,408,0.9521531100478469,0.5955882352941176,0.7327983997454139,0.4234904662756405,0.45504573230498147,0.4497041556733898,0.8359375,0.6864224137931034,0.7574999911090247,0.6862745098039216,0.6460513995886064
P5COMP,SGD,Collins,20229,306,0.8900093924563746,0.6405228758169934,0.744932187811243,0.4479430741083338,0.5373828446764102,0.6048565908383229,0.7449741527857553,0.5240303780532601,0.6248112410354238,0.7058823529411765,0.05641365471859133
PC2P,SGD,Collins,168,306,0.8214285714285714,0.5294117647058824,0.6438569206842923,0.3751699139102855,0.3618641126641216,0.4085364313569254,0.5640436530729466,0.6383363471971067,0.6000413028803074,0.6241830065359477,0.6480992304974383
CUBCO+,SGD,Collins,1741,306,0.3176335439402642,0.8496732026143791,0.46240580949961246,0.4428257940327238,0.34017811503746154,0.7597231893495721,0.832854681217691,0.5411076364370019,0.6713151480856048,0.9313725490196079,0.2694544201132602
ClusterOne,SGD,Collins,108,306,0.8981481481481481,0.3790849673202614,0.5331438047855959,0.2796604903751755,0.29760848192679346,0.28374239773713794,0.49511774842044803,0.6179337231968811,0.5531274298950506,0.434640522875817,0.5112005100521464
P5COMP,SGD,Gavin,19019,306,0.8474683211525317,0.545751633986928,0.6639399892529625,0.38678503456927543,0.4082203977500934,0.5149449981984741,0.6806433084434234,0.541118633985899,0.6068844843102748,0.6176470588235294,0.049112992043049065
PC2P,SGD,Gavin,141,306,0.8439716312056738,0.4542483660130719,0.5906128934354525,0.32808215442135374,0.3001119708701961,0.3449021635444162,0.49167145318782307,0.6614906832298136,0.5702947356357135,0.5196078431372549,0.5948988897445631
CUBCO+,SGD,Gavin,1741,306,0.31820792647903506,0.8496732026143791,0.46301415658390443,0.4431045620943181,0.3338182099251188,0.7596702666960302,0.832854681217691,0.5419067839450005,0.6718106889535307,0.9313725490196079,0.2694524165373952
ClusterOne,SGD,Gavin,94,306,0.8829787234042553,0.3235294117647059,0.47354771784232363,0.2411516111991548,0.25639141446841496,0.23767610683567858,0.42044801838024126,0.632420091324201,0.5156547044109183,0.37254901960784315,0.474050591128419
P5COMP,SGD,KroganCore,19620,306,0.8909785932721712,0.6176470588235294,0.7295518365935527,0.43395246158892836,0.4499097767060757,0.5788064370733189,0.7174037909247559,0.5324214760161647,0.618030084432587,0.6797385620915033,0.05411600852858818
PC2P,SGD,KroganCore,164,306,0.8048780487804879,0.4803921568627451,0.6016744186046512,0.3433303253888211,0.30002855228278297,0.38919349384489094,0.5226881102814475,0.6373937677053825,0.5771985307908348,0.5816993464052288,0.6223647579906654
CUBCO+,SGD,KroganCore,1740,306,0.31666666666666665,0.8496732026143791,0.4613804053422995,0.44235504813073656,0.3227459491258977,0.759723189349572,0.832854681217691,0.5409155357504557,0.6711959744315682,0.9313725490196079,0.2695599026172278
ClusterOne,SGD,KroganCore,108,306,0.8796296296296297,0.3562091503267974,0.5070760491650752,0.26361680732169906,0.25932096437365393,0.2731981230268628,0.462952326249282,0.6217038539553753,0.5364878800371774,0.4215686274509804,0.5010852195782692
P5COMP,SGD,KroganExt,19775,306,0.8552212389380531,0.6339869281045751,0.7281709812280459,0.4417016725055542,0.4408749324614938,0.601063648919239,0.723147616312464,0.5394421394685143,0.6245768946215925,0.7124183006535948,0.055784597619098736
PC2P,SGD,KroganExt,172,306,0.8023255813953488,0.5032679738562091,0.6185458990628091,0.35773562038143647,0.31193739187621816,0.41008495041685916,0.5491097070649053,0.6414414414414414,0.5934827057372443,0.6111111111111112,0.633905379138426
CUBCO+,SGD,KroganExt,1741,306,0.3176335439402642,0.8496732026143791,0.46240580949961246,0.4428257940327238,0.3208704082866367,0.7588032532239746,0.8322802986789202,0.5417677993527508,0.6714928635956816,0.9313725490196079,0.26945000001884767
ClusterOne,SGD,KroganExt,109,306,0.8899082568807339,0.35947712418300654,0.5120944519101555,0.2660847880299252,0.2694307640913892,0.27462332273637624,0.4658242389431361,0.6211365902293121,0.5379037826817208,0.4215686274509804,0.49912467064675226
P5COMP,SGD,BIM,21889,306,0.8297318287724428,0.8562091503267973,0.842762579377976,0.5677863570853228,0.6184863006784918,0.8133572156204781,0.8994830557151062,0.5224617844044845,0.6855257269647236,0.9215686274509803,0.07225838774467021
PC2P,SGD,BIM,216,306,0.9166666666666666,0.7647058823529411,0.8338192419825073,0.5242896425297892,0.6160347347010142,0.6042876785774337,0.8604250430786904,0.6682926829268293,0.7582979364975819,0.8562091503267973,0.7535636617279139
CUBCO+,SGD,BIM,1752,306,0.3190639269406393,0.8496732026143791,0.46391966471637824,0.44351879400971933,0.44009425262584306,0.7597231893495721,0.832854681217691,0.5413383863568365,0.6714582706320046,0.9313725490196079,0.26856999382660224
ClusterOne,SGD,BIM,172,306,0.9127906976744186,0.6111111111111112,0.7320898685883851,0.4311571589065037,0.5117164458056643,0.47574794008556737,0.816771970132108,0.6510067114093959,0.7291940991581576,0.6928104575163399,0.6460027101713012
P5COMP,CYC,Collins,23304,408,0.8455629934775146,0.6348039215686274,0.7251806275015318,0.4415453618311882,0.49258447541308253,0.5938734194303384,0.7494791666666667,0.6551610847835609,0.7007350311323194,0.6519607843137255,0.06129901847400093
PC2P,CYC,Collins,209,408,0.9090909090909091,0.5343137254901961,0.6730472368014819,0.3824896920782525,0.34454450977235385,0.41417598548812395,0.640625,0.7399209486166007,0.6884851906232333,0.5833333333333334,0.6738318625003861
CUBCO+,CYC,Collins,1753,408,0.4352538505419281,0.9313725490196079,0.5932616088492025,0.5217892075261173,0.33531649555049825,0.8442977942077053,0.8942708333333333,0.6744656522121558,0.7766305175940968,0.9485294117647058,0.34242625036980207
ClusterOne,CYC,Collins,125,408,0.968,0.36764705882352944,0.5328987932705012,0.27335366542415007,0.25652463626921557,0.2523341116507138,0.5625,0.6945812807881774,0.6250615733216607,0.39950980392156865,0.504691903192465
P5COMP,CYC,Gavin,21815,408,0.8528077011230805,0.5392156862745098,0.6606890286246708,0.3829464537585383,0.4099308088664579,0.5039074757163298,0.6984375,0.6630502512026035,0.6805138939245241,0.5612745098039216,0.054061087382461376
PC2P,CYC,Gavin,183,408,0.8852459016393442,0.46078431372549017,0.6060895522388059,0.3338704903476173,0.31079085095855274,0.3550831327803789,0.5286458333333334,0.7625570776255708,0.6349193820994924,0.49264705882352944,0.612734345733419
CUBCO+,CYC,Gavin,1748,408,0.4342105263157895,0.9313725490196079,0.5922917060268278,0.5214137214137214,0.36823522127089225,0.8436475341036636,0.8932291666666666,0.6741573033707865,0.7760006226106618,0.9485294117647058,0.3429157418356797
ClusterOne,CYC,Gavin,110,408,0.9,0.2867647058823529,0.43494423791821557,0.21566820276497692,0.22704937393782046,0.2130460499307818,0.4296875,0.738045738045738,0.5631421029070087,0.3137254901960784,0.4576201265237951
P5COMP,CYC,KroganCore,22380,408,0.8641644325290437,0.6372549019607843,0.7335632465615133,0.4442795168800416,0.43321609948924217,0.5977956395677289,0.740625,0.662968207066892,0.7007216482733475,0.6593137254901961,0.06252979613007914
PC2P,CYC,KroganCore,219,408,0.8447488584474886,0.5073529411764706,0.6339549551786645,0.3623563809780641,0.32558816315619427,0.4178745453554395,0.5395833333333333,0.7515527950310559,0.636808732916596,0.5686274509803921,0.661887709950295
CUBCO+,CYC,KroganCore,1750,408,0.43314285714285716,0.9313725490196079,0.5912976359590421,0.5210281641734349,0.3611224918739558,0.843685049109666,0.89375,0.6735933785330633,0.7759021085574683,0.9485294117647058,0.342674571181512
ClusterOne,CYC,KroganCore,132,408,0.8560606060606061,0.33088235294117646,0.4772855265627933,0.2457115245228316,0.20619040982811837,0.24195165919050945,0.45989583333333334,0.7015355086372361,0.568008149023978,0.39215686274509803,0.4826284743229537
P5COMP,CYC,KroganExt,22685,408,0.8672691205642495,0.6568627450980392,0.747542634737908,0.4563613096657459,0.45197976585223565,0.613351495748585,0.746875,0.6535262057943696,0.6986432458362921,0.6740196078431373,0.06339457784228522
PC2P,CYC,KroganExt,225,408,0.8533333333333334,0.5245098039215687,0.6496845500687823,0.3736716458631745,0.3241669734524041,0.4319829844621599,0.5661458333333333,0.7446443873179092,0.6492898560697581,0.5931372549019608,0.6748796243653349
CUBCO+,CYC,KroganExt,1756,408,0.43394077448747154,0.9313725490196079,0.5920406961528396,0.5213164338182342,0.3677694351835826,0.8430347890056243,0.89375,0.6740331491712708,0.7761553498313487,0.9485294117647058,0.34205318897970316
ClusterOne,CYC,KroganExt,132,408,0.8712121212121212,0.3284313725490196,0.4770307082714215,0.24432394723490616,0.2063485761901848,0.24418407050596574,0.46510416666666665,0.6791778373547811,0.5620395378097206,0.39215686274509803,0.4809928013790002
P5COMP,CYC,BIM,25185,408,0.8413738336311296,0.9485294117647058,0.8917440979463209,0.6192094094115068,0.6606945643178007,0.8994262699875277,0.9536458333333333,0.6704571149554486,0.7996115520088183,0.9754901960784313,0.08822068453740488
PC2P,CYC,BIM,307,408,0.9511400651465798,0.8308823529411765,0.8869534830584788,0.5658453768686951,0.657996928148273,0.6758694245294276,0.9260416666666667,0.7521978021978022,0.8346055993163816,0.9068627450980392,0.8290169887512389
CUBCO+,CYC,BIM,1754,408,0.4321550741163056,0.9313725490196079,0.5903765587466079,0.5206702698794309,0.4317338199453954,0.8430347890056243,0.89375,0.6733456366991827,0.775759410384363,0.9485294117647058,0.34211258699406033
ClusterOne,CYC,BIM,209,408,0.9521531100478469,0.5955882352941176,0.7327983997454139,0.4234904662756405,0.45504573230498147,0.4497041556733898,0.8359375,0.6864224137931034,0.7574999911090247,0.6862745098039216,0.6460513995886064
P5COMP,SGD,Collins,20789,306,0.8902304103131464,0.6405228758169934,0.7450095945834094,0.4479570677121961,0.5378729091546641,0.6048877143988582,0.7449741527857553,0.5232893264841832,0.6243692999014149,0.7058823529411765,0.05563353514343807
PC2P,SGD,Collins,168,306,0.8214285714285714,0.5294117647058824,0.6438569206842923,0.3751699139102855,0.3594332297704071,0.40744710673818907,0.5640436530729466,0.6383363471971067,0.6000413028803074,0.6241830065359477,0.6480992304974384
CUBCO+,SGD,Collins,1760,306,0.3181818181818182,0.8496732026143791,0.46298651742559144,0.4430919050517346,0.3407985040823298,0.7597231893495721,0.832854681217691,0.5417867435158501,0.6717362767923616,0.9313725490196079,0.26793316697276753
ClusterOne,SGD,Collins,108,306,0.8981481481481481,0.3790849673202614,0.5331438047855959,0.2796604903751755,0.29760848192679346,0.28374239773713794,0.49511774842044803,0.6179337231968811,0.5531274298950506,0.434640522875817,0.5112005100521464
P5COMP,SGD,Gavin,19558,306,0.8473259024440127,0.545751633986928,0.6638962781109957,0.3867776169576372,0.408451423603592,0.5163974310234559,0.6823664560597358,0.5404318876116805,0.607266491658527,0.6209150326797386,0.04842199533145631
PC2P,SGD,Gavin,141,306,0.8439716312056738,0.4542483660130719,0.5906128934354525,0.32808215442135374,0.3000652855293931,0.3449021635444162,0.49167145318782307,0.6621761658031088,0.5705901486239973,0.5196078431372549,0.5949336079808464
CUBCO+,SGD,Gavin,1758,306,0.3174061433447099,0.8496732026143791,0.4621647967277663,0.44271524694466063,0.33399200601705414,0.7597231893495721,0.832854681217691,0.5421494206951658,0.671961072492617,0.9313725490196079,0.26808155564112673
ClusterOne,SGD,Gavin,94,306,0.8829787234042553,0.3235294117647059,0.47354771784232363,0.2411516111991548,0.25639141446841496,0.23767610683567858,0.42044801838024126,0.632420091324201,0.5156547044109183,0.37254901960784315,0.474050591128419
P5COMP,SGD,KroganCore,20166,306,0.8906079539819498,0.6176470588235294,0.7294275552495538,0.43393047286985376,0.4491173877448901,0.578573010369304,0.7174037909247559,0.5318504720011558,0.6176985873536947,0.6797385620915033,0.053354818635167646
PC2P,SGD,KroganCore,164,306,0.8048780487804879,0.4803921568627451,0.6016744186046512,0.3433303253888211,0.30002855228278297,0.38919349384489094,0.5226881102814475,0.6373937677053825,0.5771985307908348,0.5816993464052288,0.6223647579906654
CUBCO+,SGD,KroganCore,1757,306,0.3175867956744451,0.8496732026143791,0.4623562705555414,0.44280307654743,0.3216839064157631,0.7596702666960301,0.832854681217691,0.5424169667867147,0.6721268555564612,0.9313725490196079,0.2682473121445422
ClusterOne,SGD,KroganCore,108,306,0.8796296296296297,0.3562091503267974,0.5070760491650752,0.26361680732169906,0.25932096437365393,0.2731981230268628,0.462952326249282,0.6217038539553753,0.5364878800371774,0.4215686274509804,0.5010852195782692
P5COMP,SGD,KroganExt,20327,306,0.8555123727062528,0.6339869281045751,0.7282764897334831,0.44172108158725826,0.4399884198311697,0.601063648919239,0.723147616312464,0.5386541337880429,0.6241205435376073,0.7124183006535948,0.05499648877250213
PC2P,SGD,KroganExt,172,306,0.8023255813953488,0.5032679738562091,0.6185458990628091,0.35773562038143647,0.31198833541560184,0.41059330190560284,0.5491097070649053,0.6423423423423423,0.5938993310646079,0.6078431372549019,0.6337237590755906
CUBCO+,SGD,KroganExt,1762,306,0.318955732122588,0.8496732026143791,0.4638052855773443,0.443466516942594,0.32799998409584497,0.7599449447183861,0.832854681217691,0.5415512465373962,0.6715902700292391,0.9313725490196079,0.2678028837964409
ClusterOne,SGD,KroganExt,109,306,0.8899082568807339,0.35947712418300654,0.5120944519101555,0.2660847880299252,0.2694307640913892,0.27462332273637624,0.4658242389431361,0.6211365902293121,0.5379037826817208,0.4215686274509804,0.49912467064675226
P5COMP,SGD,BIM,22477,306,0.8301374738621702,0.8562091503267973,0.8429717721785714,0.5678338254942817,0.6193928511781271,0.8133572156204781,0.8994830557151062,0.5219208318778509,0.6851707412746545,0.9215686274509803,0.07128372473959978
PC2P,SGD,BIM,216,306,0.9166666666666666,0.7647058823529411,0.8338192419825073,0.5242896425297892,0.6160347347010142,0.6042876785774337,0.8604250430786904,0.6682926829268293,0.7582979364975819,0.8562091503267973,0.7535636617279139
CUBCO+,SGD,BIM,1760,306,0.31875,0.8496732026143791,0.4635877355522148,0.4433670483992309,0.44154632074393835,0.7590779312463306,0.8322802986789202,0.5420681434389589,0.6716789682025963,0.9313725490196079,0.267927451989386
ClusterOne,SGD,BIM,172,306,0.9127906976744186,0.6111111111111112,0.7320898685883851,0.4311571589065037,0.5117164458056643,0.47574794008556737,0.816771970132108,0.6510067114093959,0.7291940991581576,0.6928104575163399,0.6460027101713012
