P47169,Q03362
P41056,P36141
P00498,Q12166
P56628,P03882
P0CT04,P15801
Q05584,Q9ZZX0
P00498,Q03631
P0CX56,P16965
Q12293,P0CY08
P0CX59,P26370
Q12392,Q08957
P40017,P03879
P25383,P33417
Q06836,P38289
Q06504,P39726
P0CX26,P0CY08
P46654,P40985
P05749,Q3E705
P46990,Q04728
P32643,P53208
P53200,P53920
P0CF22,P39933
P05748,Q3E793
P46969,P53170
P0C2H6,P53035
P0CX70,Q03362
Q12008,P03882
P0CX71,P40994
P0CX50,P40168
P54114,P48561
P0CX26,P47988
P04449,P36001
P0CX66,Q12481
P0CX74,P36141
Q3E841,Q12166
P07277,Q06244
P0CX74,P03882
P07281,P53438
P0CX59,Q02981
P0CX49,P53208
Q08634,P01098
Q12441,Q02981
P47163,P25038
Q12314,P53304
P0CX83,P38073
Q03496,Q6Q560
Q12266,Q12204
Q12173,Q12504
P0CX67,Q06109
Q6Q5H1,P36052
Q06698,P39726
P0CX25,P38116
P0CX49,Q12166
P48445,P38289
P0CX48,P39959
Q12085,P22438
P0CX55,P53688
P0CX69,P36141
P0C2I8,P54785
Q12217,P53123
P36059,P22438
P0CX30,O13585
P0CX34,Q12093
P26784,P53920
Q03483,A0A023PZB3
Q04706,Q06596
Q12391,Q03362
P48589,P01098
Q08748,P40994
P0CX51,P38746
P05756,Q3E785
Q04706,Q2V2Q1
P0CX55,Q02981
P00498,Q08747
P0CX73,Q08957
P51401,P33416
Q12690,Q12093
P40017,P48561
Q12217,P47988
P0CX72,P03881
P0CX49,P11325
P46990,P53972
P0CX48,P47007
P0CX53,Q04728
P14127,P14905
P0CX51,P48561
Q12314,P11325
P0CX31,P25372
Q12085,Q12166
Q12213,Q03214
P53200,P40962
P36059,P03878
P38625,P43589
P36138,P47006
P40017,Q3E705
Q12008,P42950
P0CX26,P38222
P00498,P39684
P0CX35,Q05937
P0CX66,Q03214
Q04215,P40470
P0CX52,P0CY09
Q92392,Q03429
P0CX53,P36052
P0CX60,P09932
P0CX75,Q06469
P46654,P40099
P0CX82,P53338
P0CX57,P46955
P29453,P09950
P23248,Q6Q560
P0CX39,P40962
Q12441,A0A023PZB3
Q02753,P0C5N3
Q6Q5H1,P39724
P26784,P47006
Q06817,Q06109
P46654,P48015
P38625,P22438
P25383,P48561
Q04215,P53688
P0CX59,P54785
Q12470,P38073
P0CX58,P38746
P0C2H7,Q9URQ5
Q06698,P53889
Q08689,P40053
Q08745,P03881
P46784,Q04728
Q12439,P38830
P0CX53,P53946
P0CX52,P0C5N3
P0CX71,P11325
P51401,P39724
Q12000,Q8TGM6
Q08689,P46955
Q12173,Q03214
Q3E754,P38157
P0CX56,P39525
P05740,P53304
Q12485,P0CY11
Q12690,P53304
P04449,Q12481
P46784,P40962
P36156,P53075
P46654,P25372
P0CX83,P36106
Q12391,P53911
P0CX73,Q08422
P0CX72,P32338
P07280,Q03796
P0CX39,P39724
P0CX65,P38157
Q05584,Q12393
Q12173,P53123
P0CX45,P25372
Q12690,P40994
P05747,P40470
Q03856,Q12286
P0CX34,P54785
P05744,Q6Q560
P08432,P33416
P38625,P09950
P0CX28,Q03362
Q04706,P03876
Q12690,P33416
Q12213,P38830
P15496,P15801
P0CX82,Q05549
Q3E7A7,P36052
P47177,Q04623
P05737,P38116
P02407,P38157
P07280,P38073
Q12266,Q12166
P47169,Q04623
P05737,Q05549
Q6Q5H1,P0C5N3
Q6Q5H1,P47007
Q03786,Q3E785
Q12485,Q03772
P29453,Q3E705
Q12392,P39933
P05744,P39525
P0CX24,P40470
P36086,P40168
P0CX42,P53208
P0CX23,P36141
P0CX49,Q6Q560
Q04235,P39724
P0CX48,P40571
P05756,P53123
P0CX47,Q9ZZX0
P0CX82,P36106
Q03856,P14905
P05756,Q12036
P36059,Q03772
P0CX53,P43589
P05740,P53920
P23248,P15801
P07281,Q03429
P0C2J4,P33416
P38711,P34231
P0CX67,P0CY06
Q12173,P40985
P40017,Q99359
P40558,P41696
Q08745,P39726
P05740,Q04623
P0CX66,P39529
P24521,P33416
P36156,P53911
P05740,P33416
P0CX44,Q03631
P23248,P26370
P0CX72,P09950
P0CX52,Q12166
P0CX49,P48564
P40017,P53304
P05737,P0CY08
Q12690,Q05937
P0C2I8,Q3E705
P07280,Q12286
P51401,P0CY11
Q08925,P34231
Q02326,P41696
P51401,P53688
P0CX83,Q12166
P0CX29,P40053
P0CX30,P53304
P40558,P49095
P26784,P40962
Q3E841,P22438
P02406,P38116
P0CX50,Q04545
Q12293,Q08957
Q12314,Q04623
P0CX40,P53051
Q12672,P39525
P0CX59,P38157
P0CT04,Q05549
Q12441,P03878
P0CX83,P0CY11
P0CX34,P32338
P0CX67,P0C074
Q08745,P38746
P0CX61,Q3E705
Q08634,P09950
P36059,P38071
P40017,P52893
P0CW40,P11325
Q12439,Q06109
Q12387,Q12393
P0CX70,P03879
P0CX32,P47988
P17649,P38071
P05749,Q04728
Q02326,Q12393
P0CX85,Q06109
Q08969,P40053
P38711,Q3E705
P38625,P0CY09
Q12690,Q12481
Q03496,Q12204
P0CX45,Q03796
P0CX32,P15801
P0CX58,Q3E793
P56628,P14905
P0CX85,P39959
O74302,Q12286
P23248,P53035
Q12217,P03879
Q12008,P38830
Q12085,P39684
Q12672,Q04623
P53200,Q9ZZX0
Q01855,P49367
P0CF22,P0CY11
P07281,P0CY08
P14127,Q12481
P36059,P40994
P0CX28,Q03796
Q02753,P09368
P87262,P53946
P0CX60,Q6Q560
P48570,P53170
P0CX62,P32860
Q12676,P14905
P0CX55,P09950
P0CX73,P53688
P0CX69,Q12286
P02407,P48564
Q01855,P53075
P0CX58,P40053
P0CX54,Q2V2Q1
P0CX83,P53972
P0CX75,P03882
P34222,P0C5N3
P0CX41,P03878
Q12173,P48564
P0C0V8,P53946
P53200,P47988
P05748,P38071
Q12008,Q03631
P0C0V8,P0CY06
Q3E841,P38746
P41056,P03881
Q12314,P52893
Q92392,P33417
P0C2J4,P53075
P04449,Q03796
P0CX23,P53208
P29453,Q12093
Q02753,Q12167
P38835,P49095
P0CX28,P49367
P05749,P53734
P0CX82,P26370
Q3E792,Q99359
P0CX34,P53734
P40031,P33416
P37293,P34231
Q12266,P48561
Q12470,P32617
P0CF22,P53889
P0CX23,Q04781
P24521,P38746
Q08971,P36141
P0CX75,Q12393
P0CX84,P42950
P0C2J4,P25039
Q12173,Q07845
Q05584,P48015
Q02753,P47007
P0CX27,P49095
P0CX58,P03879
P0CX50,P53889
P48589,Q3E793
P0CX32,P03881
P0CX55,P32617
P05745,Q05473
Q05584,O13585
P25383,Q05549
P0CX27,P0CY09
Q3E792,P53946
P02407,Q12393
P0CX54,Q05473
P36156,Q12393
P0CX76,Q3E705
Q12173,P16965
P05756,P0C5N3
Q12213,A0A023PZB3
P0CX23,P09932
P0CX85,P38128
P0CX40,P33417
P36138,P47007
P36138,Q12093
P25383,P0CY08
P0CX67,Q12093
Q3E792,P53972
P07281,P03878
P07280,Q08957
P54114,A0A023PZB3
Q03483,P36141
P0CX55,Q06244
P0CX62,P40470
P0CX26,P14905
Q12690,P53920
Q12690,P38116
Q05924,Q04623
Q12008,P40535
P05737,P53946
P37293,Q8TGM6
Q3E754,Q05937
P0CX50,P39529
P0CX69,P03878
P0CX62,Q04623
P05748,Q12204
P38711,Q06596
P0C2H7,Q06109
Q12217,Q8TGM6
P0CX75,Q3E785
Q12266,P39726
P0CX44,Q06595
P0CX47,Q05549
Q03786,P25372
P0CX60,P38289
P0CX72,P36106
Q12441,P09950
P0CX41,P39724
Q12470,P41696
Q12672,Q08747
P14127,Q12286
P0CX31,P0CY11
P48445,P38116
P46784,Q03772
P48589,P25372
P0CX43,Q05473
P0CX73,P39525
P0CX84,P48561
P38625,P53889
P0CX50,P49367
Q04215,P43589
P51401,P53972
P0CX35,Q08422
P35997,P38116
P0CX36,P53170
P0CX34,Q03429
Q6Q5H1,Q99359
P38711,P26370
P36138,P15801
Q05584,P03881
Q04489,P14905
Q04489,P38071
P0CX27,P32860
P0CX24,P26370
P0CX48,P0CY09
P47177,P53051
P53200,P36052
Q12085,P53075
Q3E7Y3,P03881
P38711,P39726
P0CX44,P48015
P0CX33,P36001
Q02648,P38746
P05749,Q02981
P0CX72,P15801
P38711,P41696
P0CX34,Q3E785
P0CX57,P32860
P0CX32,P03882
P0CX27,Q04728
Q05926,P52893
P0CX25,Q03429
P02406,P32451
P0CX33,Q6Q560
P14127,P52893
Q12213,P48564
P0CX40,Q04728
Q12441,P0CY08
P0CX70,P43589
Q02753,P53338
P37262,P39724
O74302,Q12504
Q12221,P03879
Q6Q5H1,P33416
P0CX84,Q12393
Q6Q5H1,P15801
P40893,Q04728
P0C0V8,P53734
P05744,Q12204
Q12751,P22438
P36156,Q03631
P0CX36,P0CE41
P0CX39,Q05473
Q12392,P11325
P23643,P15801
P05747,P53208
P19211,Q04728
P0CX34,P03876
Q01662,P48564
P0CX82,P53972
P0CX44,Q9URQ5
P0CX29,P0CY13
P0CX49,P25372
P40017,Q12286
P29453,P47007
P47163,P39724
Q07653,P53170
Q08634,P03879
P0CX69,P22516
P56628,P39529
P36059,P53304
P14743,P38289
P14127,Q03631
P07280,P0CY08
P26785,P16965
Q08225,P49367
P0CX67,P0CY13
Q02733,P40994
P36156,P52893
P0CX83,Q03429
P0CX39,P48561
Q07653,P03881
Q04925,P09368
P47771,P38222
Q03786,P0C5N3
P0CX71,P54785
P0CX66,P40168
P0C2J4,P0CY09
P17649,P53208
P0C2J4,P39684
P35997,P0CE41
P38625,P25372
P0C2I4,Q06469
P47163,P39726
P87262,P49367
P47177,P36141
P0CX29,P48564
P05740,P03878
P0CX45,Q08957
P0C2H7,P53170
Q05926,P39724
P17649,P53051
Q12266,P16965
Q02753,P53972
Q3E769,P49095
P0CX26,Q3E793
P0CX82,Q3E785
P0CX84,Q3E705
Q12672,Q3E747
P0CX59,P38128
P0CX71,P26370
Q02648,P11325
P56628,P39933
P0CX30,P32860
Q03786,P38071
Q12441,Q12167
P36059,P22516
Q12392,P32338
P17649,P48564
Q06817,Q06244
P0C0V8,P53035
Q04235,P25038
P0CX85,P47988
P0CX52,Q02981
O74302,P53035
P0CX65,P0CY06
P0CX31,P32860
Q12293,P38116
Q06504,P38289
P40893,P03876
P0CX51,Q06109
P0CX66,P38073
P04449,P54785
P08432,Q8TGM6
P0CX55,P09368
Q12441,P33416
P0CF22,Q12132
Q05924,Q12204
P0C2H6,Q06596
P05747,P0CY07
P36156,P39529
P0CX58,Q05937
P32643,Q3E793
Q3E7A7,P0C5N3
P56628,Q03631
P51401,Q03833
P0CX71,P0C5N3
P02407,P25038
P0CX76,P39724
P0CX41,P01098
P0CX67,P53035
P0CX43,P39525
Q04706,P40985
Q03483,Q3E785
P0CX65,P09950
P54114,Q9URQ5
P0CX48,Q3E747
P05740,O13585
P40893,P38289
Q04215,P42950
P36086,P09950
Q3E792,P33416
P26784,P11325
P0CX73,P11325
P05740,P11325
P0CX85,Q3E793
P46969,Q03429
P0C2H7,P53438
Q03483,P03882
P0C2J4,Q05937
P0CX31,Q03362
Q06817,Q03362
P38625,P39525
Q08634,P53304
P29453,P40535
P23643,P36052
P23248,Q3E747
P0CX24,P48564
Q3E7A7,P38746
P0C2H7,Q07845
P0C0V8,P38157
P0CX85,P39933
P38835,P25039
P0CX51,P53208
P00498,Q06596
P36156,P0CY11
P0C2H6,P22516
Q06836,Q03429
P47177,P36001
P47177,P39726
Q12439,Q9URQ5
Q3E792,P16965
P02407,P09950
Q06817,P39726
P0CX33,P03882
Q6Q5H1,Q03796
P0CX53,P38289
P0CX55,Q05473
P0CX41,P53051
Q12672,P39529
P07280,P53438
Q02326,P40571
P0CX35,Q03833
Q08745,P47007
Q03786,Q12204
Q08969,P53170
P0CX84,P53734
P0CX34,P40571
Q12672,Q02981
P40558,P33417
P0CX45,P49095
P0CX72,P53338
P0CX39,P53734
Q12314,P16965
P14127,P16965
P0CX59,P38222
Q06698,P09368
P0CX72,P53170
P0CX32,P22516
P29453,P53438
Q08925,P53051
P0CX52,P38222
P0CX62,P40571
P0CX67,P38289
P0CX76,P36141
P23643,P40099
P17649,P38116
P15496,P38289
P36138,P01098
P17649,P40470
P04449,P53075
P36059,Q05549
P0CX49,P52893
Q04925,P49367
Q3E754,Q06596
P0CX42,P25038
P0C2H6,P40099
P05744,P53123
Q12314,A0A023PZB3
P04449,Q6Q560
P0CX60,Q07845
P0CX33,P53035
P87262,Q99359
P05747,P33417
Q12173,P47006
P47177,P0C5N3
P0CX40,Q12286
P46990,P53911
Q12485,P01098
P0CX83,P53304
P05744,Q3E785
P54114,Q04781
P0CX65,Q06244
P46654,P38157
P0CX52,P39724
P14743,Q12166
Q12439,Q2V2Q1
P0CX53,P39529
P05747,P53051
P0C2I4,P40571
P0CX27,P48564
P05747,Q03214
P29453,P39529
P0CX42,P39726
O74302,P03882
Q04215,P53438
P07280,P38746
O74302,P43589
P0CX76,P40535
P0CX83,Q08957
Q12751,P53170
Q03856,Q08747
P0C2H7,P40994
Q06836,Q12166
P38711,Q3E793
P50109,P39724
P08432,P46955
P0CX57,Q06469
Q01855,Q12166
P40893,P03878
Q03786,Q12166
Q12441,Q03772
P0CX44,P53338
P38625,Q3E747
P34222,P49367
P04449,P53208
Q12008,Q06595
Q12470,P38116
P05756,P09368
Q3E754,Q12167
P41056,P36001
P48445,Q03429
P0CX25,P22438
P0CX45,P40053
Q12266,P38222
Q06134,P47007
P0CX44,P52893
P0CX27,P53123
P0C2I8,Q12481
P07281,Q05937
P41056,P40535
P0CX23,P36001
P0CX56,P09368
Q3E792,Q03214
P46969,P34231
P24521,Q04728
Q08634,P03876
Q04215,P0CY06
Q12085,P16965
P54114,P39525
Q12173,Q3E793
P07280,Q06596
P0CX23,Q2V2Q1
P36059,P47988
P38625,Q12393
P0CX65,Q12286
P0CX75,P53187
P0CX59,Q8TGM6
P46654,Q99359
P05745,P36141
P0C2H6,P53051
P0CX62,Q06596
Q06134,Q06109
P40558,Q04781
Q04925,P48564
Q12439,P47988
Q06504,P40053
P0CX32,P40053
Q12690,Q3E705
P47177,P22438
Q6Q5H1,P53946
P37262,P36106
P0CX29,P40571
P35997,Q06244
P0CX75,Q06109
Q12441,P53946
Q03002,P16965
P0CX51,P38222
Q06836,P49367
Q02326,P14905
P46654,P22438
Q12690,Q03796
P38625,P49367
P48589,Q6Q560
P26785,P03881
P26785,P38116
P48589,P47007
Q03786,P11325
Q12690,Q12393
P0CX27,P39724
P36138,P53734
P0CX69,P40168
P0CX52,P49367
P50109,Q12393
Q3E769,P49367
P0CX51,Q04924
P0CX51,P32451
P29453,P03882
Q08971,P25372
Q08969,P49367
P05745,P53338
P37293,Q12036
Q06698,P40168
Q12314,P15801
Q12085,Q04924
P0CX36,O13585
Q12690,P16965
P0CX40,Q08747
Q08971,P14905
P0CX60,P46955
Q07799,P25039
P0CX69,P53920
Q92392,P22438
P17649,P52893
P0CX74,O13585
P40031,P03881
P07277,P53075
P36086,P16965
P0CX34,Q04116
P05745,P40168
P05745,Q07845
P48445,P52893
P0CX69,P53075
Q07653,P03882
Q03483,P53889
Q05584,P47007
P0C2H6,P47006
P47169,P40168
P0C2H6,P53889
P0CX47,P53187
P36138,P38222
Q03002,P09950
P32643,P39724
P0CX25,Q06244
Q02733,P32451
P0C2I4,P36001
Q01662,P53075
P0CX71,Q2V2Q1
P0CX74,Q07845
P48589,O13585
P51401,Q05937
P0CX53,Q12481
Q03856,Q03833
P0CX65,Q03214
P0CX73,P03876
Q12470,P53338
P0C2J4,Q06595
P08432,Q3E785
Q04706,P38222
P0CX46,P03879
P0CX41,P09368
P0CX25,P03876
P0CX66,P38157
Q08971,P33416
P0CX76,P39959
Q12676,Q04924
P05748,P09368
P0C2H6,P38071
Q12221,P09950
P40558,P53920
Q12672,P53946
P37262,P0C5N3
P46654,P53035
P26784,Q08747
Q12391,P0CY06
P0CX53,P09368
P0CX30,Q03362
P0CX85,P53187
P15496,Q04623
P0CX83,P33416
Q12690,A0A023PZB3
P35997,P40985
P0CX72,Q02981
Q08971,Q12204
Q12266,Q03631
Q3E754,Q12481
P0C2I8,P34231
Q04706,P39529
P37262,Q03429
Q12391,P53338
P34222,P01098
Q12293,P47006
P0CX27,Q03362
P35997,Q3E785
Q12439,Q8TGM6
P0CX67,Q8TGM6
P0CX61,P25038
P14127,Q03833
Q08634,P53208
P05745,Q8TGM6
P02406,P03882
Q6Q5H1,P53920
P07281,P40571
Q12314,Q04728
P0CX23,Q04728
P0CX50,P53688
P05747,Q3E705
Q03002,P48015
P0CX40,Q06595
P05747,P53338
P36138,P54785
P0CX54,P36106
P0CX46,P53170
P0CX67,P48561
P0CX33,P38830
P0CX65,P53920
P0CX44,Q04728
Q02648,Q04728
P0CX25,Q6Q560
P0CT04,Q9ZZX0
P51401,P09932
P0CX66,P38746
P47163,P53123
P36086,Q03362
P05756,P38746
P26784,P16965
Q12314,Q3E793
Q08954,P39724
Q06134,P36001
P56628,P0C074
P0CX40,P48564
P0CX30,Q3E785
Q03483,P38128
Q12485,P53123
P0CX66,P33417
O74302,P38830
Q03496,Q03429
Q02733,P48564
P56628,P53920
Q12217,P0CY08
P54114,Q12204
P46784,P32617
Q3E769,P03879
P0CX85,P53035
P29453,Q08747
P02406,P53051
P40558,Q12393
P24521,P03879
Q12392,Q12393
P0CX57,P40470
P40558,P03879
P05747,P48561
P07281,A0A023PZB3
Q12676,P32451
P46990,Q06469
P07280,P40535
Q12173,Q06595
P0CX71,P32338
P0CX34,P36052
Q01662,Q3E785
Q02326,P52893
Q92392,P40168
P0CX55,P42950
P0CX70,Q03429
Q02326,P39724
Q12387,P22438
Q3E841,A0A023PZB3
P0CX65,P39726
P0CX39,P41696
P46990,P53123
Q12173,P53208
O74302,P48561
P0CX47,P53338
Q02326,Q07845
P0CX48,P03879
P0CX74,Q02981
P0CX23,P53170
P0CX39,P40571
Q08745,Q05473
Q08954,P53075
P37262,P40099
Q12266,Q12286
P14127,P49367
Q03483,P34231
P41056,P39724
Q04215,P32860
P47163,Q06109
P0C2H6,P40470
P04449,Q12504
P07280,P0C074
P0CX45,O13585
P36156,P0C5N3
Q04215,P46955
Q12751,Q12204
P0C0V8,Q12167
P05744,P09368
P0CX85,P40985
Q08954,Q12036
P0CX25,P49367
P05737,P33416
P0CX58,Q3E705
P15496,P36052
Q92392,P48564
P46654,P53972
P0C0V8,P39933
P0CX45,Q04728
P0CX69,P39726
P0CX44,P09932
P0CX76,P40962
P36086,Q12167
P40031,P39724
Q03856,P22516
P0CX67,P53075
Q3E769,P53208
P0CX27,P03879
P0C2I8,P25372
Q12314,P0C5N3
P0C2J4,P40962
P05744,P40994
P0CX59,P39933
O74302,P42950
P23248,P03881
P38835,P47007
P0CX74,P33416
P46784,P48561
Q08225,P32451
P41056,P47988
P36156,P53123
Q08689,Q12166
P26784,P36001
P0C0V8,O13585
P19211,Q12093
P08432,Q12166
P0C2I8,P40571
Q12213,P49367
P0CX62,P33416
Q07653,Q12204
P0CX57,Q99359
P0C2I8,P39529
P0CX72,P53304
P0CX60,Q12286
Q03496,P03879
P53200,Q04545
P0CX54,P47988
P38625,Q9ZZX0
P0CX40,A0A023PZB3
Q6Q5H1,P0CY11
P0CX23,P53438
P0CX85,P03876
P46969,P38071
Q6Q5H1,P38116
P56628,Q8TGM6
P0CX54,Q99359
Q12470,P0CY07
Q12392,P53889
Q12173,Q04924
Q12485,Q9ZZX0
P23248,Q03772
P23643,P47007
P0CX35,P43589
P15496,Q04924
Q12391,P38073
P0C2I8,P40535
P40017,P40535
Q12173,P14905
P0C2I4,Q8TGM6
Q06134,Q12093
P0CX25,P40168
P51401,Q2V2Q1
Q12221,Q12286
Q07653,Q9ZZX0
Q12676,Q9ZZX0
P05747,P47006
P38711,P38289
Q12392,P25038
P0CX33,Q3E747
P0CX72,P0CY09
Q12293,P43589
P04449,Q99359
P47169,Q12204
P50109,P40994
P0CX59,P40985
Q12392,Q03214
Q03856,P36001
P0CX40,P53075
P0CT04,Q08747
P0CX50,P42950
Q3E841,Q04728
P26784,P0CY13
P0CX55,P38830
Q12485,P34231
Q01662,Q12167
P0CX23,Q04924
P0CX29,P25038
Q03483,P47988
P47177,P01098
P0CX47,Q06469
Q12676,P25039
Q12008,P38073
Q02753,O13585
P0CX42,P33416
P0CX56,P39684
P0CX67,Q12036
P0CX74,P40962
Q12085,P03878
P32643,P03882
Q08225,P40994
P0CX73,A0A023PZB3
P0CX73,Q6Q560
P53200,P49367
Q12008,P38128
P0CX67,P32451
P0C2J4,P53170
P0CX58,P41696
P0CX82,Q05937
P36156,Q03362
P46990,P53304
P0CX62,P22516
P47163,P52893
P0CX40,P42950
Q12485,P09368
P0CX74,P39525
Q3E754,P38830
P29453,P39933
Q12392,P48015
P0CX29,Q06596
Q92392,P40571
P0CX84,P54785
Q12008,Q2V2Q1
Q12751,Q12036
Q04235,O13585
P0CX39,Q05549
P53200,P53438
P34220,P53889
P0C0V8,Q06469
P47169,P33416
P05745,Q3E705
P36059,P0C074
Q12391,P46955
O74302,Q03833
P47163,P47007
P0CX85,P40994
P0CX44,P53946
Q08634,Q8TGM6
P41056,P39726
P05756,P03879
P25383,P38116
P0C2H7,P16965
P0CX54,Q03214
Q05924,P09950
P0CX44,Q04116
P0CX75,P39525
P34220,P52893
P05756,Q06244
P54114,P40535
Q06817,P25039
P54114,P33416
P0CX45,P53734
P46654,P53920
Q03483,P53051
Q04706,P09368
Q08969,P46955
Q12751,Q9ZZX0
P40893,P11325
Q06698,P53170
P0C0V8,P43589
Q12000,P14905
P23248,P03878
Q03483,Q07845
Q05584,P38289
P26784,Q12093
P32643,Q3E785
Q6Q5H1,P38071
P29453,Q2V2Q1
P0CX61,Q06469
P23248,P49095
Q12441,P32860
P54114,Q8TGM6
Q12485,P0CY09
P48589,Q06109
Q3E769,P53123
P0C0V8,Q3E705
Q02648,P40994
P0CX29,Q12481
P0C2J4,P39959
P0CX31,Q6Q560
P07281,P53187
P0CX36,P15801
P05745,Q12036
P0CX28,P40571
Q08225,Q04623
Q06134,P22438
P25383,P15801
Q05924,P53051
P0CX32,P49095
P0CX51,P53920
P0CX60,P38222
Q03496,Q06244
P38711,Q06109
P0CX69,P11325
P02407,P53946
P0C0V8,P0CY11
P0CX55,P52893
Q06698,Q12093
P0CX59,Q03796
Q07799,P53208
P0CX35,P48564
P0CX26,P0CE41
P0CX24,P22438
P36138,P32860
P46784,P53338
P0CX45,P53187
P05740,P32617
P0CF22,P53035
Q04706,P22438
P0CX75,A0A023PZB3
P0CX69,P36052
Q12439,P39724
P0CX26,P43589
Q12221,Q04623
P0CX42,Q12166
P0CX24,P15801
Q12439,P01098
Q12439,P53123
P47163,Q02981
P0C2I8,P53734
P0C2J4,P47007
Q07799,Q12036
P0CX48,P34231
P0CX71,P40099
P26784,Q12167
Q06134,P39724
P48589,P40994
P00498,P03879
P54780,P03876
P02406,Q12393
P02407,Q02981
Q12439,Q99359
P0CX73,P0CY07
P0CX82,P03876
P53200,P39933
Q02326,P38830
P0C2I4,P40099
P29453,Q99359
P05749,P01098
P23248,P53438
Q3E754,P54785
P05745,P36106
P54780,P25039
P46969,Q03362
Q12085,Q04116
P0C2I8,P36052
P0C0V8,P52893
P47169,P11325
P0CX66,Q06469
P0CX53,P0CY07
Q06836,Q03362
P0CX35,Q03631
P0C0V8,P53911
Q12676,P01098
Q6Q5H1,P36001
P37262,P39933
Q08745,P03876
P05737,P46955
P46784,Q03429
P0C2I8,P36106
P0CF22,P39959
P56628,P26370
P40893,P36001
Q04215,P41696
P46969,P38746
P0CX74,P09932
P0CX39,Q08957
P0CF22,Q06595
Q06504,P53304
Q12213,P0CY07
Q12690,Q12167
Q12000,P39724
P0CX51,P42950
P29453,P16965
P40017,P32338
P32047,P01098
P08432,P09950
P0CX45,P40099
P34222,P09368
P04449,Q04116
P15496,P52893
Q12266,P40985
P00498,P46955
P0CX73,P32451
P0CX57,Q03631
P47163,Q05473
Q12391,P0C5N3
Q08971,P48015
P0C2J4,Q3E785
P0CX57,P48015
P32643,P39525
Q04215,P48561
P0CX56,P14905
P0CX74,P0C5N3
P40017,Q03214
Q06817,P32451
P0CX75,Q05937
P0CX71,P38116
P0CX41,P40994
P0CX60,O13585
P0CX28,P39959
Q02753,Q06596
Q12217,P40470
P0CX83,P40053
P02406,P53208
P0CX72,P48015
O74302,P39933
Q92392,Q04545
Q08925,P49367
P0CX50,Q03362
P0CX82,Q06469
P53200,P38289
Q06836,P38746
P04449,Q04781
P23643,P25038
Q12008,P53889
P0CX42,Q03429
P04449,P40470
P0C2J4,Q03796
Q3E792,Q03796
Q3E792,Q04728
Q12485,P03879
Q12173,P39684
O74302,P39525
Q92392,P53075
Q03483,P32451
P0CX34,P40535
P0CX71,Q04728
P0CX57,P53187
Q12293,P32860
P0CX76,P0CY11
Q04489,Q12036
Q03496,P53075
P0CX62,P53304
Q06836,P39525
P0CX56,Q12286
P0CX36,P38746
P51401,P53946
P0C2I4,P0CY08
P0CX24,A0A023PZB3
Q92392,Q08747
P47169,P25039
P0CX74,P39933
P53200,P40168
P05747,Q3E747
P0CX34,Q07845
P48589,P34231
Q12690,P39724
Q12314,P09950
P17649,P03879
P0CX51,P40962
P17649,Q05549
P36138,P38157
P26784,Q12504
Q12085,P53170
Q12690,Q06595
Q3E754,Q3E785
P17649,P22438
P0CX58,P33416
P0CX76,Q03429
P0CX58,P38157
P0CX71,Q08422
Q08925,Q06109
P38625,P38289
P0CX59,P53688
P47771,Q02981
P0CX53,P03881
P04449,P47007
Q04489,P36052
P0CX65,Q07845
P0CX25,Q04924
P0CX39,Q12166
P37262,P33417
P23248,Q12204
P0CX45,P03881
P47177,Q06244
P07281,Q3E705
P08432,P15801
Q02733,A0A023PZB3
P0C2J4,Q6Q560
P08432,P38289
P0CX44,Q08422
Q08954,P01098
Q05924,Q3E793
Q04925,P33416
Q12314,Q03362
P07281,P32451
Q05924,P36052
P14743,P53889
Q02326,P40053
P53200,Q12132
P0C0V8,Q02981
Q12672,P38073
Q3E769,Q03429
P0CX73,P40985
Q03496,Q04924
P0CX43,P14905
P07281,P03882
P41056,P34231
P0CX35,P53911
P0CX69,P0CY11
Q04925,P03881
Q03856,P53187
P47771,Q12167
Q12293,P54785
P25383,P53035
P0CX40,Q04924
P0CX51,P0CY07
P0CX39,Q04545
P0CX48,P38116
P0CX33,P43589
P35997,Q04545
P25383,P38157
P0CX34,Q03631
P0CX76,Q05473
Q12387,Q05473
P0CX60,P53208
P0CX44,P16965
P0CX62,P53946
P37262,P53438
P47177,P03881
P48445,Q12093
P0CX52,P42950
Q04706,P0CY09
P0CX24,P47007
Q08689,P25372
P38711,Q12204
P0CX76,P47007
Q12387,Q12204
Q08748,P53123
Q92392,P38071
Q06817,P49367
Q12173,P01098
P0CX72,P32860
Q12217,P48564
P0CX62,Q12504
Q92392,P48561
Q12392,P36001
P07281,P15801
P0CX62,P53051
Q3E792,Q04545
Q12173,Q03772
P15496,P39724
Q02326,P16965
Q3E769,P09950
P40558,P32860
P0CT04,P16965
P46969,P11325
P0C2J4,P49095
P05737,P11325
P0CX67,Q08747
Q12221,P25372
Q12085,P47007
Q01662,Q02981
P07280,Q03833
P0CF22,Q12481
P19211,P39525
Q01766,P33416
P0CX26,P15801
Q04489,P53208
P05737,Q12093
P32643,P48564
P14127,P53911
Q08969,P22438
P48570,P0C5N3
P87262,Q03214
P0CX47,P39933
P38625,Q06596
Q04706,P33416
P0CX71,P39724
P0CX75,P41696
P34222,P36001
P23643,P53208
P05737,P09950
Q3E7A7,P09368
P46784,A0A023PZB3
P0CX51,Q2V2Q1
P0CX28,P38128
P0CX50,P53170
P54780,Q03429
Q02733,P48015
Q12293,O13585
P0CX72,P25038
P0CX33,P38071
Q3E769,Q05473
P0CX75,Q04116
Q12217,P53170
Q3E841,P16965
P34220,P49367
P46784,P38116
P40017,P40962
P0CX25,Q3E793
Q12391,P32338
P0CX61,P11325
P38835,Q9ZZX0
P53200,P53304
P48589,P53051
P0CX28,P53338
P36059,P39726
P36086,P53170
P47771,P36001
Q12470,P26370
Q01766,P39726
P48570,P03878
P40031,Q03429
P0CX51,P25372
P0CX67,P53688
Q12391,P03879
Q08225,P03879
P36138,Q03362
Q12000,P38071
P47771,Q04728
P56628,P11325
Q6Q5H1,P38746
P05748,P53170
P53200,P53208
Q12392,P36141
Q12470,P48561
P0CX49,P39525
Q07799,P53304
P0C2I8,P38128
P48445,P53051
Q12314,Q8TGM6
P02407,Q12481
Q07799,Q02981
Q02326,P53208
P32047,P46955
P25383,Q8TGM6
Q12470,Q3E793
P0CX51,P38830
Q04706,P48564
P36059,P34231
Q08954,Q8TGM6
P05740,Q06469
P24521,P40994
P37293,Q12167
Q02753,P38128
P0CX27,P53688
Q02648,P36001
P0CX58,Q12204
P0CX75,Q12167
P46784,P47988
P0CX48,P53889
P0C2H6,P48015
Q12690,P49367
P54114,Q3E705
Q08689,P03881
P34222,P53075
P0CX53,Q03214
Q06134,P16965
Q04706,P34231
Q92392,Q12093
Q08225,P09950
P0CX71,Q12166
P0CX46,P16965
Q3E7Y3,P38071
Q04215,P03876
P29453,P53304
P41056,Q04781
P54114,Q9ZZX0
P26785,Q12166
P0C2I8,P47988
Q08225,P36052
Q02753,P26370
Q12439,P38116
Q12213,P09368
P46990,Q03772
P0CX57,Q02981
P0CT04,P53920
Q3E769,P38071
P0CX31,Q06595
P05745,Q12204
P0CX47,Q12204
P0CX50,P32338
P24521,Q04924
P0CX65,P36141
P0CX45,Q12132
Q12392,Q6Q560
Q12213,P25039
P0C2H7,P38073
P0CX26,P40535
P0CX69,Q05549
Q01855,Q06244
Q08689,Q02981
P35997,P25038
P0CX23,P53338
P05740,P53911
P0CX73,P53946
Q12672,P03876
P05740,P16965
P0C2H6,P0CY08
Q12676,P38071
Q08971,P47007
P05749,P03878
P34222,P32860
Q01855,P0C5N3
Q12672,P39933
P05748,P53051
Q02326,P49367
P34222,P39724
Q06504,P32860
P36156,Q08957
Q08954,P36052
P40893,Q8TGM6
Q12441,P39529
Q92392,Q03796
P24521,P48564
P23248,P41696
P0CX48,P32617
P0CX59,P38116
P53200,P32617
P07280,P40053
P0CX39,P25038
P0CX62,P32617
P0CX33,P40962
P0CF22,P0C5N3
O74302,Q08957
Q02753,P53208
P87262,Q8TGM6
P02407,P03879
P48445,P03882
Q02733,P38071
Q92392,P34231
Q12217,P53035
P48570,P46955
P0CX61,P0CY07
P0CX45,P52893
P0CX24,P0CY07
Q04706,P32338
P0CX43,P03882
P0CX45,P53972
P0C2J4,P38830
P0C2H7,P25039
P0CX24,P53972
P0CX74,Q04545
P50109,P32451
P0CX53,P03878
P0CX45,Q3E747
P53200,P33416
P15496,P09368
P00498,P40962
P23248,Q03429
P29453,P14905
P0CX47,Q12036
Q12085,Q2V2Q1
P0CX67,P53438
O74302,A0A023PZB3
P0C2H7,P38746
P53200,P42950
Q02753,Q04781
P07280,P53170
P0CX75,P38746
P51401,P53123
P38625,P40099
P0CX57,P39724
P24521,P38289
P05749,P39726
Q03483,P49095
Q12173,P03878
P50109,Q06109
P38835,P01098
P0CX35,P22516
Q12293,P38222
P25383,P40994
P0CX72,P53075
P0CX72,P39529
P36086,P53123
P37262,P0CY09
Q92392,P48015
Q3E754,Q02981
P0CX74,P15801
Q08225,P46955
P0CX73,Q03796
P36059,P40571
P0CX47,P0C074
P23643,P38289
P0CX28,Q08747
Q08745,P40994
P0CX62,Q12286
P29453,P39726
P37262,P38073
P0C2I8,P46955
P05744,P39726
P46784,P38073
Q12266,P0CY13
P46784,Q05473
Q12485,Q04116
P0CX25,P53889
Q08748,P36052
P05747,P38222
Q12392,P03881
P38625,P53035
P87262,Q12481
P17649,Q3E785
P0CX28,Q04545
Q04215,P39684
Q03496,P09368
Q02753,P40470
P04449,P0C5N3
P23643,Q9ZZX0
Q03002,P40099
Q08925,Q02981
P0CX70,P40099
Q12485,Q07845
P0CX67,Q06595
P14743,P53170
Q12266,Q07845
Q06698,P36141
P0CX55,Q04781
P54780,P11325
P0CX56,P32860
P26784,Q12166
P0CX54,P40053
P05747,P53170
P14127,Q03772
P26784,P39525
P0CF22,P53688
P32643,P38289
P0CX82,P39959
P05740,P53946
P0CX47,Q03796
Q12387,Q04623
Q03496,Q02981
P0CX23,Q8TGM6
Q12266,Q3E793
P29453,Q05937
P35997,P09932
P0CX73,P48564
P0C2I8,Q12286
P0CX24,P38289
P05756,P47007
Q12690,P22438
P07281,P39525
P23248,Q12132
P0CX34,P0CY07
P07281,P33416
P36156,P40994
P46990,P52893
P47771,P40053
P05749,Q04116
Q12751,P53208
P0CX73,P39933
P0CX83,P03876
Q05924,P39726
Q06836,P22438
P35997,P47007
Q06817,P53123
P46784,P53187
P54114,P32617
P0CX85,Q08957
P47771,Q08422
P38625,Q03631
P41056,P49095
Q12439,P40962
P07281,P03876
Q08225,P48015
P0CX83,Q06596
P05737,Q03214
P14127,P40053
P0CX31,P34231
Q12672,P38157
P25383,Q04924
Q08969,P03878
Q06836,P48564
P0CX47,P03878
Q12221,P41696
P0CX61,P14905
P54780,Q12036
P0CX25,P03879
P19211,P49095
Q12676,Q12166
Q03856,Q99359
P0CX83,P25372
Q08634,Q9ZZX0
P26784,Q12286
P0CX61,Q3E785
P14127,Q2V2Q1
Q3E841,P32860
P36138,P32617
P34222,P25039
P0CX43,Q03362
P0C2I4,Q12504
P54114,Q03772
P05756,P53051
P47163,P53051
Q08971,P53889
P0C2H6,Q08747
Q12266,P42950
P0C2I4,Q08422
P0CX26,P38116
Q12439,P03881
P0CX83,P39529
P34222,A0A023PZB3
P36059,Q12286
P0CX75,Q03214
P05740,Q02981
Q12470,Q04623
P48589,Q12166
P36156,P53304
Q12470,P42950
Q12751,Q6Q560
Q02648,Q06109
P0CX40,P38157
P0CX39,Q06596
Q08634,P03878
Q12751,P53051
P38625,P09932
P50109,P03878
P48570,P38071
P0CX84,Q12504
P87262,P0CY13
Q08748,Q12166
P05744,Q05473
P0CX33,Q12167
Q12676,P36141
P47169,P03882
P0CX35,P25038
Q12000,P33416
P0CX84,P0CE41
P40017,P46955
P34222,P53051
P07281,Q12036
P23643,P32860
Q05924,P03881
P0CX69,Q05937
O74302,P47007
P0CX50,P54785
P50109,P38289
Q02753,P0CY11
P0CX41,P53304
P53200,P22516
P0CX70,Q12204
P0CX70,Q03833
Q12173,Q12204
Q12470,P03876
P46990,Q12286
Q12000,P48015
P0CX85,P40535
P0CX23,P03878
P26784,Q3E747
P87262,P52893
P0CX85,P40962
P46990,P33417
P47771,P40099
P0CX47,P40571
P36059,Q03796
P26784,Q3E785
P0C2J4,P38746
P0CX44,P0CY09
P0CX28,P41696
Q3E769,P01098
P46784,P49095
P0CX47,Q04728
P0CX57,Q03796
Q01662,P38116
Q12000,O13585
Q12293,Q12167
P0CX45,Q12393
P26785,P03876
P0CX59,P03881
Q12221,P40053
P23248,Q04924
P40893,P32860
P0CX69,Q9URQ5
P0CX30,P47007
P29453,Q04116
Q08689,P03876
P0CX83,P54785
P0CX39,P38128
P23248,P39726
Q12672,P40470
Q04925,O13585
P38711,P39529
Q12392,P53170
Q12173,P53972
P25383,O13585
P0CX45,P36052
Q01855,Q02981
Q01855,A0A023PZB3
P0C2I4,A0A023PZB3
P46990,P11325
P46990,Q3E793
Q08225,P40099
P0CX75,Q03429
Q05584,P03878
P05745,P09950
Q02733,P53123
Q08748,P03882
P07280,Q12132
P0CX30,P46955
P00498,P40470
P00498,Q06595
P23248,Q3E793
P0CX59,P0CY08
P87262,Q12166
Q12690,P0CY11
P0CX76,Q12481
P51401,P40535
Q12751,P40099
P0CX32,Q04116
Q3E841,P53170
P0CX75,P53208
P40031,Q3E785
P0CX65,P32451
P46784,Q3E747
P0C2I8,P53187
P0CX30,Q03429
P56628,Q3E785
P0CX52,Q08957
P26784,P54785
P51401,P0CY07
P40017,Q3E793
P0CX76,P53170
P0CX67,Q3E785
P0CX31,P39529
Q03483,P53688
Q02648,P03879
P47771,P38157
P0CX29,Q04924
P0CX85,P0CY06
Q12221,P25039
P0CX67,P36106
P0C2J4,Q08747
Q12314,P53123
Q03496,P36052
Q12221,P36106
Q08689,P36052
P0CX57,P03882
P0CX27,P03882
P14127,P38116
P0CX56,P03879
P0CX73,P38128
P0CX52,O13585
Q03786,O13585
P24521,Q04623
P0CX47,P25039
P0C2J4,Q3E705
P25383,Q6Q560
P04449,P40099
P04449,P34231
P0CX71,P36106
P0CW40,P34231
Q12217,P49367
P0C2I8,Q06595
P0CX50,Q04781
P0C2H7,Q03429
P0CX76,Q04116
Q12314,Q12166
P0CX57,Q05473
P0CX71,P53123
P0CX65,Q04545
P0CX54,P40470
P05740,P52893
Q03856,P36106
P0CF22,P22516
Q92392,P32860
P14743,P40053
Q3E792,P38073
P0CX34,P53911
P0CX50,P0CY06
P0CX57,Q05937
P46654,Q06596
P26785,P39726
P0CX43,P03878
Q06817,P03878
P36138,P03876
P24521,P40168
P00498,Q02981
Q12485,Q12167
P0CX67,P53123
P0CX71,P38830
Q03786,P53051
P46654,P32860
Q12085,P53123
P0CX47,Q3E705
P26784,Q6Q560
P0CX74,P38071
P0CX60,P0C074
Q12391,Q05937
Q12008,Q06469
Q12221,P53208
Q12439,Q3E793
P07280,Q06469
P54780,P40099
P05756,Q12204
P0CX65,P39684
Q02326,Q04728
P0CX61,Q99359
P0CX51,P53911
P0CX62,Q12166
Q12470,Q03362
P05749,P48015
P40017,P53438
P87262,P43589
P05756,P16965
P38711,P25039
P46990,P42950
P34222,P38116
P0CX33,P42950
P50109,P40168
P0C0V8,Q03772
P36156,P53170
P0C2H7,P03876
P38711,P22516
P0CX27,P0CY06
P0CX74,Q05473
P36138,P0CE41
P0CX54,Q03631
Q12392,P14905
P05745,Q99359
P0C2H6,Q9ZZX0
Q12439,P32338
Q12672,P40535
P36138,P52893
P25383,P39933
P0CX44,Q06596
P36059,P0C5N3
P0CX55,Q03772
P35997,Q12481
Q12221,P40099
P0CX71,Q04924
P0CF22,Q05549
P54780,P47007
P02406,P34231
P38835,P53889
P0CX70,P0CY11
P54114,P39529
Q03856,P32617
P32643,P53123
P36059,P53035
P38625,P39529
P0CX85,P53075
P0CX40,P53688
Q05926,P48564
P07281,P26370
Q92392,P11325
Q04706,P32860
Q02733,Q02981
P46990,Q03631
P26785,Q06244
P0CX56,P40168
P05747,P25039
P0CX66,P38289
Q12085,P53920
P51401,P39529
P50109,P25038
P14127,Q12132
P0CX46,P0C5N3
P0CX84,P38116
P38625,Q12093
P0CX23,Q9ZZX0
Q01766,P49095
P0CX41,P53075
P0CT04,Q12093
P0CX67,P03876
P36138,P43589
Q08925,Q9ZZX0
P36059,P03882
Q08748,P22438
Q08748,Q12204
P0CX49,Q05473
P0CX58,P33417
Q03002,P49095
Q6Q5H1,Q04545
P07281,P48564
P0CX53,Q06244
Q12485,P53920
P0C0V8,P40053
P0CX57,P53734
P36086,P47007
O74302,Q06469
Q12217,Q6Q560
P47771,Q12093
P0CX83,Q03833
Q12314,P46955
P00498,P39724
Q03856,Q06596
P0CX51,Q05473
Q12221,P11325
P0CX54,P53208
P0CX51,Q08747
P23248,Q07845
P07281,P48561
P0CX25,P53051
P07281,P0CE41
P23643,Q12166
Q05584,P38746
P0CX33,P49367
Q08748,Q12167
Q02753,P49367
P0CX40,P38222
P0CX35,P53438
P0CX61,Q3E747
P37293,P36141
P38625,Q12504
P36156,O13585
P0CX24,P40099
Q12217,P52893
P15496,Q12093
P0CF22,Q12504
P05740,P22516
P0CX35,P47007
P36138,Q9URQ5
P36156,Q08422
P0CX71,Q05937
P0CX39,Q99359
P07280,P0CY11
P08432,P53208
P0CX31,P53075
Q12676,Q05473
P53200,Q12167
P0CX55,P15801
Q3E7A7,P32451
P40893,P53304
P40558,Q03214
Q04235,Q6Q560
P0CX36,P0C074
P0CX29,Q08747
Q12676,P38289
Q12441,Q06596
Q3E792,Q05937
Q3E792,Q12481
P0CX32,P53911
P0CX30,P53208
P0CX31,P53187
P26784,Q04781
P0C2J4,Q04728
P14127,P38222
Q12392,P46955
P0CF22,Q08957
P0CX82,Q03772
P38625,Q07845
P0CX47,Q99359
P0CX29,P53920
P38835,P40168
P0CX76,P53972
P0CX71,P39684
P46654,Q05549
P0CX85,Q12504
Q04235,P32451
P04449,Q06244
P05740,P53889
P40558,P40168
P54114,Q04924
P0CX36,P36052
Q12690,P39525
P05744,Q06244
Q03483,P39724
P0CX82,P38128
P05744,P38116
P0CX72,Q12132
P0CX73,P40994
Q01855,P39724
P0CX33,P39525
P54114,P32860
Q12391,P38071
P0C2I4,Q12393
Q3E754,P09950
P53200,P53911
P02406,P38746
Q12470,Q12393
P36138,Q07845
P51401,Q03214
P0CX40,P53123
P0CX33,Q12204
P47163,P53170
P0CX76,Q03772
P0CX27,Q04924
P05737,P40985
P0CX23,Q12167
P24521,O13585
P02407,Q08957
Q03483,Q9URQ5
P0CX39,P40168
P0CX85,P40168
P36059,P40962
P0CX65,P53123
P0CX28,P22516
P46784,P03881
P0CX59,P09932
P02407,Q03796
P54114,P53972
P26784,A0A023PZB3
P14127,P09932
Q08954,Q05473
P0CX28,P40099
P0CX44,P0CY06
P0CX82,Q06595
P0CX83,P39959
P0C2I4,P09950
Q06134,P03878
Q3E792,Q9URQ5
Q3E792,P53734
P38711,P36052
P0CX83,Q04623
P36059,P36106
Q03483,Q3E793
P00498,P34231
P46654,P53338
P00498,P52893
P0CX24,Q05937
Q12391,P40053
P0CX52,P53889
P37262,Q08747
P23643,P53123
P0CX51,P49367
P46784,P38157
P56628,P39684
Q06836,Q04728
P02407,Q8TGM6
Q06504,P36141
P0CX70,P38071
P0CX35,P15801
Q08745,Q9ZZX0
P0CX40,P53035
P37262,P53075
P0CX69,Q8TGM6
P05744,P53075
P0CX31,Q04623
Q08634,Q3E785
O74302,P48015
P0CX34,P38116
P0CX61,Q06109
P0CX56,Q03429
P14127,P36141
Q03483,P48561
Q12217,P33416
Q07653,P48564
P56628,Q05937
P0CX45,Q06596
P0CX55,P03881
Q3E792,P36001
Q12690,P38830
P0CX44,P40053
P0CX62,Q06469
Q04235,P11325
Q12441,P48561
P0CX35,P03882
P0CX55,Q04116
Q12293,P53051
Q3E841,Q9ZZX0
P0CX52,Q03833
Q12008,P53035
P0CX28,Q12286
P0C0V8,P53187
P38625,P53338
P47163,P03881
P0CX30,P53889
P02407,Q03631
P0CX30,P32451
P0C2J4,P53946
Q12690,Q12504
P40893,Q03429
P00498,P53889
P0CX57,P09950
P0CX31,P53946
P38625,P53051
P0CX27,P38746
P0CX72,P47007
Q12266,Q3E747
P0CX39,P38073
P46784,P53170
Q02326,P47007
P0CX84,P53075
Q12008,P53972
P05747,Q03362
Q3E7A7,P25038
P0CX31,P15801
P0CX73,Q8TGM6
P05745,P38830
P51401,P40099
P05740,P39529
P0CX82,P53187
P0CX23,P32617
P0CX51,Q08957
P26784,Q03631
Q12485,P0C5N3
P0CX66,Q02981
P40017,P03881
P54114,Q12286
P0CX65,Q12132
P40558,P36001
P0C0V8,Q03214
P46784,P39724
Q04215,P09932
P07277,P36001
Q12293,P39684
P0CX49,P32451
P0C2H6,P32860
P14127,Q12504
P05745,P53208
Q07653,P22438
P32047,P03878
Q12173,P03881
P0CX53,P39726
P41056,P48561
P29453,Q12481
Q12392,P53920
P0CX60,Q04623
P04449,P03882
Q03483,P39525
P0CX54,P38116
P0CX48,P03876
P0CX74,P40470
P0CX52,Q04623
P54780,P03882
P48570,P09368
P0CX70,Q04924
Q06698,Q12036
P0CX43,Q03429
P0CX32,P40994
P0CX56,P15801
Q02753,P54785
P02406,Q02981
Q08925,P25372
P0CX23,P40168
P0C2H7,Q08747
P0CX39,P0C074
P0CX36,P38116
P0CX26,Q12481
P36059,P33417
P0CX60,Q03429
P0CX82,P43589
P0CX29,P25372
P0CX84,Q12036
P36059,Q04924
P24521,Q03429
Q12439,P33417
P32643,P40099
P0CX62,Q06244
P17649,P16965
P46654,P0C5N3
Q06836,Q12204
Q12441,P38746
P0CX30,Q05473
P0CX73,Q06595
P87262,P0C5N3
Q04235,Q12036
Q04706,Q04116
P0CX60,P40099
P48589,P03879
Q3E754,Q05549
P04449,P40535
P26784,Q9ZZX0
Q03483,Q04116
P0CX36,Q03833
Q04706,Q05937
P0CX65,P40099
P05749,P32617
Q08634,P48564
P0CX85,P38222
Q05924,Q6Q560
P36059,P25039
Q12173,P09950
P36138,Q06244
P0CF22,A0A023PZB3
Q12213,Q06244
Q12008,Q04728
P00498,P53075
P0CF22,P40985
P32643,P36001
P46784,P38128
P0CX69,P38073
P00498,Q12393
P17649,Q12167
P48570,P03876
P38625,Q03362
P0CX50,Q06595
Q01766,P40099
P87262,Q04924
P46784,P53208
P51401,P25372
P40893,P09368
P0CX33,Q12481
Q02326,Q08422
Q06504,Q06244
P38625,P03881
P05740,P09368
P34222,P36141
Q92392,P53170
P36059,Q03833
P34222,P48564
P0CX28,P11325
Q03856,P40053
P0CX23,P39529
P0CX58,Q08422
P0CX40,Q08422
P0CX42,Q9ZZX0
Q12441,P53187
P05747,P11325
P51401,Q04623
Q01766,P03882
P0CX65,P16965
Q12470,Q12167
Q12441,P38073
P0CX62,Q12132
P0CX58,P0CY07
P0CX51,P53123
P0CX55,P0CY06
P0CX23,Q12204
Q05924,P25038
Q3E841,P39726
P0CX29,Q6Q560
Q01766,P39525
P15496,P36141
P0CX25,P03878
P0CX82,P09950
Q12441,P39684
P0CX51,Q12166
P0CX27,Q04781
P0CX67,P22516
Q03002,P49367
P14127,P53304
P0CX27,Q03214
P26784,P0CY06
P32643,P15801
P05747,Q05549
P46654,P33417
Q03483,P53911
P00498,P48564
Q12470,P53208
Q03856,P15801
P0CX56,P49367
Q04925,Q12167
P0CX24,P36052
Q12266,P38071
O74302,Q03796
P34220,Q3E793
Q12441,P38128
P0CX51,P0CY11
P0CX26,Q07845
O74302,P14905
P0CX57,Q03362
Q08689,P49367
P14127,P53946
Q12213,P43589
Q12387,P01098
P40558,P54785
P0CX58,P47006
Q01855,P14905
Q12485,Q04728
P0CX54,P42950
P17649,P40994
P26784,P32860
Q08969,Q8TGM6
P0CX59,P48561
P87262,P25372
P0CX56,Q04781
P0CX82,P40571
P0CX67,Q06244
Q08745,Q12167
P25383,P32860
P0CX29,P36141
P0CX41,A0A023PZB3
P46654,P52893
P0CX28,P34231
P0CX72,Q04545
Q12266,P53304
P0CX69,Q02981
Q12391,P53075
P0CX48,Q06596
P36086,P03882
Q12392,P33416
P0CX84,P41696
Q6Q5H1,P47006
Q01855,P38116
P0CX62,P49095
Q03496,P38746
P36156,P22438
P0CX36,P34231
Q12293,P39933
P0CX84,P0CY11
P0CX44,P36141
P48570,P03882
P0CX35,P53187
P0CX84,Q9URQ5
P0CX69,Q03631
Q92392,Q03362
P0CX56,P25039
P53200,P53338
P0CX60,P53338
P25383,P39726
P48570,P03879
P14743,P40099
Q01766,P38746
P0CX28,P0CY13
P56628,P0CY06
Q12266,P39959
P26784,P34231
P0CX29,P53075
P0CX75,P48015
P02406,Q12093
P07281,P53889
P37293,P25038
Q06504,O13585
P0CX61,P40994
Q03856,Q04623
Q08925,Q12204
P23248,P09932
P0CX62,P53035
P25383,Q08422
P32643,P36141
Q08634,P38289
Q12441,Q04623
Q12266,Q03429
P05747,P40053
Q12173,Q08747
P0CF22,P53911
P0C2H6,P0CY09
Q02733,P32860
P41056,P03878
P46784,P43589
P51401,Q06109
P32047,P40053
P0CX85,P25372
Q02326,P46955
P25383,Q03772
P0CX72,Q05473
P46784,P53688
Q92392,P52893
P02407,P40962
P0CX71,Q03772
P0CX24,Q04116
Q04706,P0C5N3
P47169,Q05473
P0CX51,P09368
P40558,Q3E785
Q03856,P25038
P23248,P34231
Q06817,P40994
P0CX65,P36052
P36138,P39724
Q06504,Q03362
Q12008,Q03362
P0C0V8,P47988
P0C2H6,P40053
P05747,P33416
P05740,P38157
P36138,P32451
P05756,A0A023PZB3
P05745,P48561
P35997,P47006
Q6Q5H1,P25372
P0CX49,Q12393
P15496,Q03362
P05748,P49367
Q12392,P32451
Q08971,P39525
P35997,P47988
P38711,P40099
P34222,Q12036
Q01766,P48564
P36156,P40985
Q12085,Q12481
P0CX54,Q8TGM6
P46784,P03882
P0CF22,P39529
Q04215,P38073
P40017,Q03796
Q04706,Q8TGM6
Q05924,P53075
Q06698,P39525
P48445,O13585
P87262,P32451
P0CX54,P52893
P0CX62,P0C5N3
Q3E754,P43589
P0CX53,Q3E705
P0CX75,P53972
Q04925,Q6Q560
Q12314,P33416
P0CX56,P0CY06
P0CX59,P36052
Q03002,P03882
P05745,Q2V2Q1
P0CX53,P0CY08
P0CX67,P38830
P0CX50,P36141
P36156,P53051
P15496,Q3E785
P29453,P36001
P46654,P14905
P36156,P0CE41
P0CX50,P38116
P36059,P32338
P0CX24,P25372
P05737,P38073
P32643,P33416
P0CX25,P36052
Q12314,P48564
P26784,Q03833
P0CX71,P52893
P0CX59,P36001
P00498,P47007
P40031,P46955
P05756,O13585
Q3E792,P39529
P0CX54,P53688
P0CX31,P53688
P0CX29,Q05937
P46990,P32617
P0CF22,P03879
P37262,Q05549
P53200,P15801
P0C2H7,Q12036
P0CX35,P53946
P05749,P54785
P15496,P25039
P0CX28,P46955
P36059,P48564
P56628,P53889
P46990,P39933
P0CX49,Q3E785
P0CX48,Q3E705
Q12085,Q04781
P0CX35,P32451
P14127,P40985
P51401,Q03429
Q12441,P0CE41
P47177,Q06109
Q03002,P47007
P36086,P03881
P24521,P39525
P53200,P0CY08
P0CX52,P53911
Q12293,Q12286
P05745,Q08422
P36156,P0CY13
P46654,P38222
P00498,Q05937
Q06817,P39525
P0CX61,P33416
P17649,Q3E793
P0CT04,Q06244
P0CX74,Q3E705
P05756,P40168
P0CX65,P53187
P0CX65,Q03833
P0CX83,P22516
Q12439,P0CY11
Q3E7A7,P48564
P0CX54,Q08957
P29453,P0C5N3
P53200,Q03833
P0CX24,Q03796
P05740,P53208
Q12293,P47988
Q12439,P53035
P54114,P25038
P0CX71,P39529
P0CX58,P09368
Q05584,Q04623
Q04489,Q03429
P40031,A0A023PZB3
P48589,P03876
P0CX84,Q02981
Q3E7A7,P33416
P0CX59,P36106
P05744,P53208
P0CT04,P39933
P0CX29,Q3E705
P32047,Q3E793
Q04215,P26370
P0CX48,Q12132
P0C2I8,Q03631
P87262,A0A023PZB3
Q12470,P09368
P0CX43,P38116
Q02326,Q03429
P0CX84,P47988
Q12314,P25039
P0C2I8,P53972
P0CX72,P40099
P0CX51,P53051
P0CX73,Q12166
P0CX24,P40535
P0CX42,P40099
Q3E841,P38289
Q12221,Q06595
P23248,Q9URQ5
P0CX72,P34231
P0CX60,P14905
P48570,Q3E793
P0CX40,P47988
Q03002,P39726
P47771,P54785
P54114,P0C5N3
P0CX67,P0CY11
P0CX53,P38073
P0C2I4,P33417
P0CX50,Q03772
P0CF22,P40470
P36138,Q06469
P02406,P52893
P0CX50,P53972
P0CX44,P39959
P0CX44,Q12093
P29453,Q3E785
P0CX27,P0C5N3
P0CX60,P48561
P0CX28,P53304
Q03483,Q2V2Q1
P14127,P40571
P0CX83,Q03214
P26785,P53123
P0CX36,Q04924
P38711,P22438
P0CX70,P26370
P0CX26,P39684
Q12221,P32451
Q03786,Q8TGM6
P0CX26,P38128
P00498,P32617
P05747,P40099
P0CX65,P40053
P38711,Q08747
P48589,Q12036
P0CF22,P32860
P0CX76,P09368
P0CX73,Q03833
P02407,P39959
P14743,P03881
Q12441,P53734
P0CX42,P16965
P0CX71,Q12132
Q12470,P25039
P0CX32,P36106
P0CX65,P49095
Q04925,P03882
P37262,P25039
P47771,P53438
P0CX25,Q03362
P40031,P38746
P23248,Q2V2Q1
Q06504,Q12167
P0C2I4,Q3E785
Q12485,P40994
P0C2J4,P48015
P0CX39,Q06595
P0CX24,P09950
P0CF22,P38289
P0CX47,Q03631
P32643,Q12167
P17649,P36106
Q12470,P03881
Q02733,O13585
Q12217,Q04924
P35997,P40571
P50109,Q12036
P0CX61,P09932
P07281,P32338
P05744,P38289
P0CF22,Q12166
Q03483,P26370
P0CX70,Q12286
P37262,P53035
P0CX28,P03878
P0CX67,Q04924
Q12221,P40168
P0CX59,P48015
Q12266,P38116
Q07799,P47007
P50109,P53304
Q01855,P53304
P0CX65,P38746
P0CF22,Q12036
P0CX26,P0CY07
Q04925,P36001
P0CX31,Q12036
P0CX28,Q07845
P0C2I4,P14905
P15496,Q06109
P0CX57,P39933
P32643,Q12204
Q12690,P39933
P0CX32,Q12504
P37262,P53911
P0C2J4,Q9URQ5
Q12173,P0CY13
P40031,P40053
P0CX85,P48015
P0CX53,Q99359
P38711,P53734
Q08745,P22438
Q12439,Q08422
P17649,P39684
Q08225,P38071
P54114,P03878
Q06504,P03882
P0CX82,P39684
P38711,P53035
Q04215,P48564
Q01855,P25039
P0CX39,Q12167
P0CX45,P15801
Q03856,P48561
P0CX33,P09368
Q07799,Q03429
P38711,Q9URQ5
Q3E754,P36141
P38711,P53438
Q02753,Q04728
P05747,Q03429
P0CX44,Q04924
P0CX52,Q12204
P0CX60,P40053
Q03786,P38116
P37262,Q9ZZX0
Q12000,Q04728
P17649,P32451
P0CX40,Q06109
P37293,P48015
P05744,A0A023PZB3
P48570,P49367
P29453,P03878
Q12690,Q03429
P25383,P39525
P0CX84,Q8TGM6
P34220,P48015
P46969,P25038
P0CX44,O13585
Q06698,A0A023PZB3
P25383,P38128
Q3E841,P38071
P38711,P53889
Q12485,P48015
Q08969,P39724
P47177,Q04924
O74302,Q12036
P0CX27,P03876
Q05584,P09950
P14127,Q3E747
P41056,Q06109
P0C2H6,P38116
P0CX32,P48561
Q3E7A7,P16965
P05740,Q05937
Q3E841,P36001
P0CX58,Q03214
P0CX59,P49367
P0CX23,P25038
P38625,P25038
P25383,P47006
P25383,P32617
P46654,Q12204
P0C2J4,P52893
P0CX57,P40962
P46654,P38830
P0CX58,P32617
Q12217,P53734
P47177,P40994
P0CX61,P38830
P0CX59,P53946
P0CX27,Q8TGM6
P17649,P0CY07
Q12470,Q12286
P05737,P47006
P0C2I8,Q9URQ5
P0CX26,Q3E705
P46969,P40168
Q12672,P48561
P0CX23,Q3E793
P37293,Q12166
Q04489,P09368
Q12173,P33416
P0CX55,P53438
P32047,P39525
P38711,P32451
P0C2J4,P26370
P0CX73,Q12286
P17649,P03876
P0CX76,P40053
P0CX65,P0CY11
P0C0V8,P49367
Q12221,Q99359
P0CX42,Q3E785
P0CX75,P40571
Q12008,P38071
Q12217,P53438
Q12293,P48015
Q12173,P40053
Q04489,P49367
P0CX50,P09368
P32643,Q06244
P0CX75,Q07845
P54114,P22438
Q12391,P39684
P23248,Q08747
P0CX36,P40571
P0CX58,P48015
P40893,Q04924
Q12008,Q99359
P0C0V8,P03878
P87262,P53688
P47771,Q06244
P0CX40,P40470
Q12008,P14905
Q12008,P26370
P47163,P11325
P54114,P48015
Q92392,P03879
P87262,Q06469
P36138,Q12166
P0CX56,P53304
P0CX61,P40470
P47771,P0CY07
P48589,P53123
P25383,Q12166
P23248,Q08422
Q07653,P01098
Q12213,P0CY06
P0CX31,P47007
P0CT04,Q05937
Q12391,P53187
Q3E7A7,P53889
P0CX85,P39529
P00498,P15801
Q04706,Q03772
P0CX84,P03878
P36086,P39525
P0CX27,P01098
P36138,P38116
P36059,P48015
P0CX75,Q12481
P0CX67,Q05937
P17649,P53688
P0CT04,P34231
P0CX57,P32338
P48570,P25038
P34222,P40168
P40031,Q9ZZX0
P0CX50,P03879
Q12439,P49367
P0CX56,Q12393
P0CX39,P47007
P0CF22,P36052
P87262,P48015
Q08748,P53075
P0CX33,P03879
Q6Q5H1,P53688
P46990,Q12481
Q04235,P38116
P05748,P22438
P0CX33,Q04728
Q92392,P40470
P0CX69,P14905
P0CX47,P39959
Q03483,Q12504
Q12485,P49367
P36156,Q04781
P0CX34,Q3E705
P00498,P41696
P05737,P0CY06
P07277,Q6Q560
P0CX25,P25038
P0CX55,P53035
P0CX66,P32860
P0CX72,Q12093
Q12173,P36106
P0CX23,P39726
P0C2I4,Q05473
P0CX32,P42950
P07277,P40168
P0C2I8,P40962
P0CX69,Q12132
P0CX32,P53187
P0CX40,P0C074
P34220,P03882
P0CX51,P53187
Q3E841,P53208
P0C2I4,P53972
P38625,P53170
Q12173,Q04116
P40558,Q08422
Q02648,Q12036
P0CX60,Q05549
P05749,Q12166
P0C2H7,Q12132
P0CX33,Q12036
P46990,P0C5N3
P0CX29,P09950
Q12266,P47006
P40031,P22438
P0CX61,P0C5N3
P0CX84,Q3E793
Q12441,P34231
P0CX27,P43589
P34220,P11325
P0CX32,Q12166
Q12266,Q04623
Q3E792,P53123
Q04489,P36001
Q3E792,P39726
P53200,Q03214
P36156,Q3E705
P05737,Q12132
Q12470,P32860
P47771,P53338
P14127,Q05937
Q12085,P15801
P37293,P16965
P41056,Q06595
Q12293,Q12132
Q05924,Q04924
P0CX53,Q9ZZX0
P0CX75,Q03772
P32643,P22438
P0C2I4,Q04116
P0CX34,Q05473
P56628,Q04924
P0CX51,P47988
P0C2I8,P39724
Q3E792,P01098
Q02733,Q03362
P05745,P38157
P36059,Q04781
Q01855,P36001
P0CX27,Q06469
P04449,P38830
P0CX66,Q9ZZX0
Q12392,P0CY08
P41056,A0A023PZB3
P0CX24,P0C074
P0CX44,P53051
P26784,P38222
Q08971,P01098
P04449,Q04623
Q12485,P32338
P0CX51,P33417
Q02753,Q05937
P0CX58,P03882
P0CX32,Q99359
Q3E7Y3,P53051
P87262,Q9ZZX0
P54114,P0CY07
Q12441,P40962
P0CX50,P25039
Q03483,P48015
P26784,P48564
Q07653,P47007
P56628,P40470
Q06698,P33416
P38711,Q12393
P0CX33,Q08422
P05740,P39525
P38625,Q99359
P0CX43,P38289
O74302,P16965
Q12441,P53911
P15496,P48564
Q12751,P01098
Q07653,P40994
P0C2H7,P39933
Q12221,P39525
P05737,P53972
Q12690,P0CY07
P0CX56,P53920
Q12676,P11325
P00498,Q06109
P34222,P09950
P04449,P40571
Q12173,P0CE41
P0CX82,Q06109
Q12085,Q12036
Q08634,P49367
Q92392,Q06596
P00498,P03881
P36086,P33416
P0CX53,Q06469
P0CX52,P32451
P0CX55,P53170
Q12391,P03878
P0CX34,Q03214
P0CX26,P53920
P0CX28,Q08422
Q12293,P03882
P0CX34,P52893
P0CX59,P53338
P0C2H6,P40994
Q12314,Q04924
P0CX34,Q12393
P0CX58,P53438
P0CX69,Q3E793
P46654,P36141
P0CX70,P25038
Q04925,P32451
Q12085,P47988
P0CX50,Q12504
P0CX24,P53734
Q12217,Q99359
P0CX36,P36141
P26785,P38746
P40031,Q6Q560
P14127,P48561
P0CX39,Q04116
Q04925,P52893
Q01855,Q8TGM6
P0CX47,Q08747
Q3E792,P49367
Q08925,Q04924
P0CX23,Q04545
Q08225,P53051
P29453,P25039
P0CX27,Q02981
P25383,Q2V2Q1
Q12751,Q04728
P07280,P26370
Q08971,P36001
P0CX49,P22438
P0C2H6,Q6Q560
Q03496,P40168
Q03483,P33416
P36138,Q3E785
Q3E792,Q04781
P0CX25,P53304
P0CX71,P53946
P0CX61,P38222
P38625,P53438
Q02326,Q9ZZX0
P0CX57,P0CE41
Q12392,P0CE41
Q02326,Q05473
P0CX35,Q3E793
P0CX50,Q6Q560
Q08954,Q9ZZX0
P24521,P01098
P0CX47,P22516
Q02648,P38289
P0CX59,Q04545
P37293,P15801
P87262,P53051
P0CX52,Q04781
P14127,P53187
P0CX48,Q12036
P32643,Q04623
P0CX33,P25372
Q12387,P36001
P0CX25,Q12166
P41056,P25038
P05737,Q12036
P0CX67,P40053
P07280,P38157
Q04215,Q06595
P0CX27,P38073
P00498,Q12132
P0CT04,P32338
Q02753,P40962
Q12690,P53972
P0C2H6,Q03631
P87262,P0CY08
Q06836,P14905
P05747,P40985
P0CX39,P32451
P34220,Q03362
P0CX61,P49095
Q08954,P53208
Q12441,O13585
Q03856,P38073
P0CT04,P25372
Q12485,P0CY08
Q01855,P22438
Q12690,P38128
Q3E792,Q12286
P36138,P47988
P34222,P25038
P0C2J4,P36052
Q01766,Q04924
Q12485,P03878
P0C0V8,P40099
Q04215,Q02981
P15496,Q02981
P0CX44,P53688
P32047,P38116
P29453,Q3E747
Q12008,P0CY06
Q12085,P53972
P0CX47,P40985
P0CX26,P53123
P17649,Q04623
P0CX83,P48015
P36059,P0CY11
P40893,P09950
Q3E841,P03878
P0CX50,P32617
P07281,P11325
P07281,P54785
Q04706,P0CY07
P38625,Q08957
Q02753,Q03362
Q3E792,Q8TGM6
P0CX29,P38746
Q06134,P38289
P0CX47,P0CE41
Q12392,Q9ZZX0
P53200,P0C5N3
P17649,P03882
Q02733,Q12393
P0CX48,P38128
P0CX67,P40168
P0CT04,Q2V2Q1
P26784,Q12132
Q07799,Q12167
P0CX39,P22516
P37262,Q12204
P0C2J4,P32338
Q12690,P0CY13
P07280,P40470
P0CX47,P09950
P0CX84,Q08957
P0CX65,Q04623
P0CX84,P39529
P0CX26,Q03214
Q12173,P52893
Q12213,P40099
P25383,Q05473
P17649,P48015
Q6Q5H1,P39959
P0CX82,P53734
P0CX52,P33417
P0CX48,P15801
P36156,P49367
P0CX51,P01098
P00498,Q03796
P0CX40,Q04545
P0CX57,P38157
P48570,P53123
P0C2J4,Q08957
Q3E769,A0A023PZB3
P38711,P53911
Q07799,P48015
Q04215,Q12393
Q03856,P0CY09
P05747,P40535
P0CX56,P48561
P02407,Q3E747
P0CX71,P53170
P0CX54,Q12393
Q12266,P53438
P0CX74,Q12036
Q12217,Q06469
P0CX75,P36001
Q04706,Q03429
P0CX50,Q3E785
P0C2H6,P0CY13
Q12470,A0A023PZB3
P23248,P47006
P0CX75,P39726
P53200,P43589
P32643,P03878
P0C2H6,P41696
P37262,Q08957
Q12221,P53338
Q08925,P32451
P0CX84,P32860
P0CX53,Q12166
P0CX42,Q03362
P0CX73,Q05937
P36086,P40099
P46654,Q2V2Q1
P0CX62,P40994
Q04489,Q12204
P17649,Q3E705
P0CX70,P38116
P48570,P25372
P46969,P09950
P40893,P46955
Q08971,Q03362
P0C2I8,Q03214
P0CX33,Q04545
Q03483,P32617
Q03002,Q03362
P41056,Q03429
Q3E7Y3,Q06244
Q02753,P40168
Q3E754,P53946
P0C2I4,Q9ZZX0
P26784,P52893
P0CX54,P38157
P05747,P03878
P0CT04,P0CE41
P87262,P39525
P05747,Q04623
P54114,P38073
P0CX70,Q6Q560
P14743,Q03362
P02407,P03882
P07281,Q6Q560
P07280,P53304
P40893,P38746
Q12441,P46955
P05740,P41696
P48589,P52893
P0CX29,P43589
Q6Q5H1,P32338
P0CX66,Q3E793
Q08969,P39726
P36156,P16965
Q12085,Q12132
Q02753,P32860
P0CX67,Q04728
P0CX39,Q03796
P0C2H6,A0A023PZB3
Q12266,P38128
P0CX74,Q05937
Q04706,Q12132
P0C0V8,P0CY07
P19211,Q06109
P0CX44,P53075
P54780,P39525
O74302,P03876
Q6Q5H1,P39726
P37293,P46955
P0CX30,Q02981
P29453,P01098
Q12221,P48564
P05740,Q03796
P26784,P38746
P47177,P53075
P0CX54,P38071
P0CX33,P0CY09
P32643,P53304
P46990,P36052
P0CX74,Q04116
P05748,P03882
P0C0V8,Q08957
P0CX32,P38116
P0CX28,Q12167
P0CX32,P38071
Q06134,P14905
P38625,P03876
P07281,Q02981
Q12000,P16965
Q02326,P48561
P0CX28,P38116
Q12085,Q07845
P0CX57,P36141
P0CX72,P0CY08
P0CX56,P42950
P35997,P48564
Q03856,P34231
P87262,P0C074
Q3E754,P53438
P0CX39,A0A023PZB3
P38835,Q03429
P51401,Q12204
P54114,P14905
P0CX84,Q08747
P0CX36,P33417
P0CX23,P32860
Q3E792,Q02981
Q04235,P53208
P0CX52,Q03796
P46784,P53911
Q01766,Q03429
P0CX72,Q12481
P26785,P25039
P0C2J4,Q04116
P05747,P32860
Q06134,Q12166
P46784,Q07845
P0CX34,P39959
Q01662,P0C5N3
Q04925,P0C5N3
P0CX48,P53438
P50109,Q8TGM6
Q08748,Q04623
P0CX33,P53170
P26785,Q12204
Q08954,A0A023PZB3
P46654,P40571
P0CX74,P48015
P0CX50,Q07845
P0CX66,Q12093
Q3E7A7,P38071
P48570,Q6Q560
Q12485,Q03833
P0CX59,P39529
P0CX35,P38116
Q02326,P0C074
P14127,P47988
P05744,P25038
P38625,Q02981
P0CX55,P33417
P26785,Q04623
P05737,A0A023PZB3
P0CX84,P38071
Q12314,Q05473
P0CX73,P49095
P0CX52,P46955
P04449,Q12393
O74302,P03878
P0CX28,Q06596
O74302,P0C074
Q01766,P53123
P41056,Q04728
P53200,P39525
P38711,Q07845
P36138,Q12204
P0CX51,P34231
P51401,Q12093
Q3E754,P32451
P0CX62,P39684
P46969,P39726
P51401,P38128
P0C2H6,P0CY11
Q12217,P36001
P0CX52,Q99359
P0C2I8,P32860
P0CX48,P38222
P36059,P53889
P0CX48,Q2V2Q1
Q3E7Y3,O13585
P36086,P15801
P48589,P53208
Q03496,P38071
Q3E754,P0CY06
Q12213,P48015
P34220,P22438
P0CX40,P25038
P0CX31,P38116
P40017,P0CY06
Q08634,P40168
Q12391,Q12204
P29453,P0C074
O74302,Q99359
Q12690,P03882
Q92392,P03881
Q02753,P14905
P0CX29,P48015
P40558,P53304
Q08971,P09368
Q12441,P47988
Q07799,P49095
P0CX72,P40168
Q3E841,Q06109
P07281,P43589
Q03483,Q3E747
P0CX51,P33416
P0CX52,P39959
Q02753,Q3E793
P0CX35,A0A023PZB3
P0CX62,P03881
P0CX76,P01098
P35997,P53734
P05740,P40099
P0CX25,O13585
Q12676,Q02981
Q3E7Y3,Q02981
P0CX27,P53338
P05747,P53972
P05737,Q03772
P48589,Q3E785
P0CX29,Q04623
Q03856,P53075
Q6Q5H1,A0A023PZB3
P50109,P53075
Q12751,P47007
P0CX26,Q2V2Q1
P0CX23,Q9URQ5
P0CX31,P47988
P04449,P47988
P50109,P48564
P0CX70,P40168
P0CX66,P53920
P32047,P53208
P0CX32,P38746
P0CX76,Q06595
P48589,A0A023PZB3
P38711,P38746
P0CX61,Q12036
P17649,Q05473
P0CX59,Q12167
P08432,P09368
P40558,P03881
P46784,P36141
Q02753,P0CY09
P50109,Q03362
P07280,P53208
Q6Q5H1,Q3E793
P0CX55,P40053
Q12008,Q08422
P0CX30,P03879
P0CX69,P39724
Q02648,P49095
P40017,Q12093
P0CX73,P53051
P05737,P01098
P0CX43,P32451
P0CX65,Q03772
P0CX58,P36052
P07281,P40470
P0CX39,P53123
P56628,Q12504
P0CX45,P53946
P0CX62,P53338
P0CX57,P42950
P0CX66,P53734
P48570,P47007
P0CX41,P25039
Q3E792,P53338
P47169,P49095
P40893,P01098
P51401,P38157
P0CX57,P38746
P0C2H7,Q3E785
P0CX48,P33416
P0CX54,Q9URQ5
Q08225,P53889
Q12008,Q12393
P35997,P0CY13
P0CX67,Q03833
P54780,Q12093
P0CX65,P47988
P0CX43,P53075
P04449,P40168
Q12439,P40535
Q3E841,P40053
P46654,Q03214
P0CX50,P38157
Q08748,P36001
P0CF22,P25372
P0CX34,Q06109
P07281,Q03796
Q12221,P39933
P14127,O13585
P05747,P53688
P54114,P53304
P14743,Q02981
P36059,P54785
P0CX67,Q3E705
P0CX28,P53051
P29453,P03876
P08432,P03881
P07277,P48015
P0CX48,P11325
P0CX83,Q12504
P87262,P01098
Q12485,Q03631
Q3E769,P52893
P0CX52,Q06109
P0CX56,P53123
P0CX66,P39684
P05740,P40168
Q12000,P32860
P36138,Q06596
P0CX76,P09950
P38625,Q3E705
P0CX59,P52893
Q12085,P40994
P36059,Q6Q560
P07280,Q05937
P0CX76,A0A023PZB3
Q3E792,P03876
P0CX28,Q12093
P0CX74,P25038
P47163,Q3E793
P0C2I4,O13585
P36086,P36001
P07281,Q04728
P38711,P42950
Q6Q5H1,P22516
P07281,P38073
Q12690,P33417
P0CX47,P15801
Q01766,Q04623
P05748,P48015
P38711,P03881
P26784,P53946
P0CX82,P0CY11
P87262,P39724
Q08689,Q05473
Q12008,P32451
P32643,P25039
P0CX83,P16965
P0CX84,P09932
P0CX57,P11325
P46969,Q05473
P56628,P53051
P0CX51,P15801
P41056,P0CY09
Q12751,P16965
P05747,Q12504
P29453,Q3E793
P53200,P53035
P0CX45,P43589
Q06504,P38116
P54780,P25038
P0CX70,Q9ZZX0
P40031,P11325
P0CX31,P39726
P0CT04,P40535
Q12266,P38289
P04449,P38116
P0CX57,P22438
P48589,P40168
Q08745,P38071
P0CX30,P40053
P37262,Q12504
Q12690,Q02981
P0CX27,P0CY13
P0CX70,P15801
Q12391,P38830
P0CX53,P39724
P0CX60,P48015
P0CX82,P42950
P0CX34,P53438
Q12391,P53920
P07281,P53208
P47177,P39724
P0CX27,Q03631
Q02648,P14905
P0CX71,P25372
P05744,P25372
Q08748,Q03429
P38625,P47006
P02406,P53075
P07281,P39726
P0CX69,P0CY07
Q6Q5H1,Q03772
Q12387,Q12036
P0CX32,Q03429
P41056,P39684
P0CX74,Q6Q560
P15496,P53051
P04449,P0CY13
P0CF22,P53170
P54114,P25039
P0CX85,P03882
P32643,P53170
P0C0V8,P40168
P0CX59,P40099
Q12217,Q03833
P0CX29,P0CY07
Q12213,P40168
P0CX48,P53051
P0C2I8,P36141
P0CX34,P39724
P0CX35,P53889
Q12266,P25372
P46990,P53338
P0CX31,Q12167
Q12392,P03879
P0CX25,P32451
P87262,Q05937
P0CX47,P39724
P51401,P32451
Q12391,P53304
Q12266,P43589
P40031,Q06109
P0CF22,P09368
P0CX50,P14905
P0CX65,P53075
P0CX70,P48564
P00498,Q3E747
P0CX29,O13585
P0CX55,P40099
P0CX55,Q12132
P05737,P49367
P23248,P33416
P0CX46,Q12393
Q12173,P03879
P0CX31,Q3E785
P0CX58,P38222
Q06134,Q03429
P46990,P03878
P0CX73,P54785
P26784,P41696
Q02326,P53688
Q02326,Q08747
P38711,P47988
P36059,Q04116
P0C0V8,Q3E793
P0C2H7,P39525
Q12392,P47988
P0C2H7,Q05473
P0CX70,Q08957
P05745,P26370
P0CT04,P47007
P48445,P53304
P0CX24,Q03833
P0CX49,P03878
P0CX39,P26370
Q06504,P15801
P0CX65,P09368
P0CX43,P0C5N3
P46990,P22438
P36059,P32860
Q08689,P39726
Q3E792,P03878
P0CX36,P40985
Q12008,P33416
P0CX57,P52893
Q06134,Q9ZZX0
P0CX59,Q12093
Q12439,P39529
P0CX23,P40099
Q04235,P33416
P0CX23,P53187
P02407,Q04924
P0CW40,Q6Q560
P0C2I8,Q06469
P26785,Q03362
P51401,Q12481
P0CX73,Q12093
P0CX62,Q2V2Q1
P0CX31,P09950
Q12221,P0CY13
P0CX34,P0CY09
P0CX29,Q06109
Q12173,Q04728
P0CX28,P40168
P0C2H7,P54785
P0CX32,P22438
P0CX30,P53170
P0CX58,P53911
Q12266,P53920
Q12085,Q06596
P19211,O13585
P0CX36,Q02981
P87262,P40168
P0CX54,Q04924
P0CX69,Q99359
P0CX57,P53946
P0C0V8,P32338
P0CX67,P53972
P05745,Q9URQ5
Q04235,P0C5N3
P05748,P53075
Q02733,Q12167
P0CX70,Q06109
P0CX56,P53035
Q04706,P40053
P0C2J4,Q03429
Q08969,P33416
P24521,P40099
P0CX31,Q03833
P14127,P53075
P0CX25,P09950
P25383,P0C5N3
P05749,P43589
P32643,P48015
Q12008,Q03833
Q03483,P53075
Q02326,A0A023PZB3
P23248,Q04545
P0CX23,Q3E785
P0C2H6,Q05473
Q12085,P36106
P0CX42,P03878
P0CX26,P48561
P0CX56,O13585
P0CX40,Q03796
Q03483,P38073
P51401,Q03631
P50109,P25372
P05737,Q3E793
Q08634,P34231
Q05926,Q3E793
P0CX35,P47006
P40558,Q12132
Q08689,P03879
P0CX54,P53187
P46990,P34231
Q08689,P36001
P05749,P0CE41
Q04235,P49367
Q3E754,Q9ZZX0
P36156,P36141
Q02648,Q02981
P0C2H6,Q04116
P36156,P32860
Q12173,Q04545
Q06504,Q02981
P38711,P40053
P0CX69,P53170
P0CX76,P25372
Q04706,Q12167
P0CT04,P53438
Q3E7A7,P53170
Q05584,P25039
P0C2J4,P53438
P50109,P38071
P0CX54,Q12286
P46654,P0CY07
P14743,P40168
Q03856,P53304
P05740,P53123
P0CX67,Q12481
P0CX58,P39726
P46784,P53438
P0CF22,Q3E785
P34220,P33416
P0CX52,P09950
P0CF22,P38128
P0C2I8,Q12504
P38711,Q04545
P0CX26,Q3E785
P0CX74,P40099
P38711,P53338
P0C2I8,Q06109
P23248,P40571
P05747,P53123
P05745,P03882
P36059,P38289
P0CX54,P03879
P46654,P39525
P0C2H7,P40099
P0CX59,Q08957
Q6Q5H1,P38157
Q03483,Q12166
P07277,P0C5N3
P29453,Q12204
P0CX40,P38830
P0CX28,Q03631
Q12690,P40168
Q01855,P03876
Q08971,Q12093
P0CX41,P53123
Q08225,P14905
Q04706,P0CY08
P0CX48,P38157
P54114,Q6Q560
P0CX70,Q8TGM6
P0CX35,P42950
P0CT04,Q03362
P0CX23,Q02981
P36156,P38830
Q08925,Q04728
P0CX31,P40168
P38835,P53075
Q12690,Q08422
P0CX69,Q3E747
Q04706,P53123
Q08925,Q12393
P0CX44,Q03362
P00498,P48015
Q08634,P53051
P36156,Q02981
Q92392,P0C074
P0CX53,P53051
Q3E769,P25039
P0CX58,P38830
P34222,P25372
P48445,Q9ZZX0
P0CW40,P32860
Q04489,P52893
P26784,P53972
Q04706,P43589
P02406,Q12204
P05744,P14905
Q05926,P40053
P0CX29,P09368
P0CX62,P14905
P0CX54,Q6Q560
P35997,P0CY11
P0CX54,Q07845
Q12221,Q12204
P87262,P53123
P0CX75,Q12093
Q04925,P40053
P0CX34,Q6Q560
Q08634,Q12393
Q12221,P09368
Q12441,P53075
P23643,P03878
P0C2I4,Q05937
P05737,Q02981
P87262,Q3E705
P05745,P09932
Q12008,P25372
P51401,P09368
Q12000,Q05473
P0CX59,P0C074
P0C2I4,P34231
P26784,P03879
P0CX49,P49095
Q04235,P34231
P0CX31,P46955
Q03856,P40962
Q12391,P38222
P34220,P01098
P0CX35,Q04623
P0CX54,P36052
P0C2I4,P48564
P87262,P53920
P36059,P16965
P0CX65,Q02981
Q12391,P09368
P05747,P49367
P05740,P03879
P46969,P48564
Q04925,P40994
Q12266,Q08422
P0CX83,P53338
P50109,P01098
Q03786,P03878
P0CT04,P53946
Q12266,Q06244
P0CX29,Q3E747
P0CX25,Q3E785
P0C2I4,P36141
P14743,Q06109
Q07653,Q02981
P35997,P46955
Q12266,Q05937
P19211,Q12393
P0CX49,Q3E793
P0CX66,P16965
P0CX56,P39529
P0CX52,P0CE41
P34222,Q12093
O74302,P32617
Q3E754,P40535
P0CX30,P38289
Q02753,P03881
Q05926,P36141
Q3E792,P53187
P0CX33,P26370
P0CT04,P40994
P0CX69,Q6Q560
Q04489,Q04728
Q04215,P49367
Q12266,P0CE41
P0CX54,P36141
Q3E841,Q3E785
P46784,P39933
P23248,Q12481
Q6Q5H1,Q06109
P40017,Q05549
P0CX50,P39724
Q02753,P0CE41
P0CX53,P48564
P14127,P40168
Q12441,P53123
P47169,P09950
P0CX51,Q03796
Q12470,Q03833
P05747,P53920
Q12441,P53170
P0CX60,Q9URQ5
P0CX53,P22516
Q04235,P53304
P50109,P03881
P07280,P38830
P0CX35,P53075
P54114,P53338
P0CX62,Q3E705
Q08225,P16965
P54114,Q05473
Q03483,P40571
P36138,Q12393
P0CX26,Q12093
P41056,P0C5N3
P26784,Q02981
P05756,P49367
P50109,P39726
P0CX48,Q04116
P0CX66,Q99359
P05747,Q06244
Q02326,Q3E705
P0CF22,P53946
P34220,P46955
P05748,P25039
P0CX23,Q04116
P24521,P38071
P0CF22,Q99359
P0CX52,P40099
P0CX54,P16965
P0CX75,P53051
P0CX69,P03882
P0CX28,P48015
P0CX39,P11325
P50109,P52893
P07280,P47007
Q12392,P34231
P0CX52,Q03631
P0CX61,Q06596
Q12441,Q12481
P0CX73,Q12204
P51401,P47007
P0CX82,P53035
Q12470,Q08422
Q02753,Q12504
P34222,Q12166
Q06134,Q12167
P54114,P48564
P56628,P38289
P35997,P53051
P05740,Q12167
P0CX85,P41696
P0CX47,P0C5N3
P47771,P36106
P0CX74,Q03631
P0CX53,P53187
P38711,P48561
P0C2I8,P43589
P54114,P34231
P26784,Q06595
P0CX36,P0C5N3
P0CX61,P53911
P47169,P48015
P0C2I4,Q08957
P0CX35,Q12167
P0CX56,Q08422
P0C0V8,Q06595
P07280,P36052
P0CX56,P36001
Q12000,P53889
P0C0V8,P48561
P0C2H6,P38128
Q02648,P53208
Q12221,P34231
P0CT04,Q12504
P0CX70,Q2V2Q1
P0CF22,Q05473
Q92392,P0CY07
P02407,P38746
P26785,P49095
Q12217,P39724
P05737,P0C5N3
Q01855,P40168
Q12221,Q07845
P0CX25,Q12036
Q12690,Q04924
P0CX24,Q06596
P37262,P40962
P07280,Q03362
Q02733,P09950
P0CX62,P53920
P0CX69,P39525
P0CX48,Q05473
P0CX35,P0CE41
Q3E7A7,P53075
P0CX57,P53889
P05745,Q12481
P05737,P40994
P04449,P39684
Q03002,Q05473
P0CX36,Q12393
P19211,P38289
P46784,Q03833
P0CX72,P38128
P0CX30,Q12167
Q3E769,Q12204
P38711,P0C5N3
P46654,Q08957
P0CX35,Q6Q560
Q08969,P53304
O74302,Q06595
P05747,P38289
P35997,Q9ZZX0
Q92392,P36106
P0CX31,P52893
P05740,Q03631
P0CX43,P53889
P34222,P03881
P0CX27,P53438
P0CX71,Q9URQ5
Q12690,P36106
P38625,P54785
P35997,P36052
P0CX74,P47006
P0CX35,P40168
Q02753,P32338
P47771,Q12166
P0CX26,Q04728
Q02326,Q12093
P0C2H7,P39726
P0C0V8,P53920
Q12439,Q12093
P05749,Q05549
Q07799,P53123
Q12221,Q05473
P35997,Q06469
Q12000,P09368
P40017,P40571
P48445,P0C5N3
P23643,P40168
Q03856,P48015
Q12470,P48015
P0C2H7,A0A023PZB3
Q05584,P25038
P36138,P38830
Q6Q5H1,P26370
P15496,O13585
P0CX33,P40168
P0CX55,Q3E785
Q06504,P53208
Q12470,Q03214
P0C2J4,P53338
P0CX53,P40571
P32643,Q03429
Q12485,Q12093
Q12085,P33417
P0CX84,P32338
Q04235,Q12393
P04449,Q12286
P0CX29,P39933
P0CX72,Q05549
P46969,Q6Q560
P0CX61,P0CY06
Q03002,Q12093
P36086,P36141
P0CX67,P40994
P0CX50,P36106
P0CX61,P53338
Q06698,P14905
P0CX83,P53170
P05749,P34231
P47163,Q12204
Q04706,Q04924
P0CX84,Q12093
P0CX40,P36106
P0CX76,Q3E747
P36156,P39959
P0CX58,P0CY08
P23248,P0CY08
P0CX65,Q05473
P0CX30,P09950
P0CX58,Q99359
P05749,P39529
P40558,Q08747
Q12391,P34231
P46784,P40535
Q12676,P36001
P0CX28,P36141
P0CX75,P09950
P0CX41,P36141
P36156,Q12167
P0CX53,P39933
P26784,O13585
Q12000,Q04623
P51401,Q12167
P0CX74,P36001
P02407,P40994
P0CX82,Q8TGM6
Q12293,Q9ZZX0
P0CX61,Q06244
P0CX34,Q03362
P23643,O13585
Q12000,P53123
P25383,P0CY09
P0CX44,P32617
P05745,P40053
P0CX71,Q03362
Q12266,Q04545
P0CX33,P53075
Q12690,P0CY09
P0CX74,P40985
P0CX67,P0CY07
Q3E769,P16965
P34220,Q3E785
P0CX23,P40571
Q3E7A7,Q8TGM6
P0CX44,P49367
P0CX71,P40535
P0CX69,Q12166
P0CX76,Q08957
Q04489,P40053
Q08689,Q12167
Q04706,P32617
P0CX25,P40099
P47169,P53170
P47771,Q03772
P0C2J4,P0CY11
Q01855,Q03429
P0CX60,Q12481
Q12293,P36106
Q12000,Q06109
Q6Q5H1,P03876
P05737,P47988
P0CX66,Q06244
P05745,Q3E785
P0CX40,P16965
P41056,Q03833
Q12470,P40535
P0CX48,Q04781
Q05926,P36052
P0CX60,Q3E785
P36138,P09950
P0CX82,P46955
P0CF22,P09950
P36138,Q04545
P53200,P25038
P07280,Q3E785
Q12690,P40535
P04449,P40985
P0CX53,P40985
P0CX55,Q12393
P0CX46,Q12093
P38711,Q08422
P0CX40,P22516
Q06504,Q3E785
Q06836,P03882
Q92392,Q8TGM6
P41056,Q08747
P46654,P03876
P07280,Q12393
Q92392,P38128
Q12008,P0CY13
P14743,P09368
Q02326,Q02981
P51401,Q9ZZX0
P07280,P16965
P50109,Q3E785
P17649,P25039
Q04925,P03878
P0CX83,P0CY07
P07280,P49095
Q12751,Q02981
P0CX45,P03879
P47771,P03878
P05740,P47988
O74302,P0CY07
P0CX26,Q03429
Q05584,P03879
P0CX31,P40535
Q12173,P53051
P23643,Q12036
P36156,Q03772
P0CX29,P40099
P0CX57,P0CY08
P26784,P38071
P36086,Q12204
P0CX46,P22438
Q3E769,Q12036
P0C2H6,Q03214
P29453,Q9URQ5
P23248,P03876
Q03786,Q03429
Q3E7A7,P53304
P0CX28,P39529
P00498,Q03772
P0CX23,P53734
P05745,P38071
Q92392,P32338
Q05584,Q02981
Q12266,P40099
P0CX46,P38289
P0CX69,P38116
P40558,Q2V2Q1
P0CX44,Q3E785
P37293,P40099
P02407,P48015
P0CX55,P39959
Q3E754,Q03362
P0CX50,P16965
Q08225,Q02981
P36086,P03878
P07280,P53889
P0C2I8,P39525
P0CX26,P11325
P0CX70,Q04116
P29453,P53734
P0CX76,P15801
P0CF22,Q08422
P53200,P0CY11
Q12293,P11325
Q12008,P0CY11
P0CX57,Q9URQ5
Q12266,P25039
P0CX28,P25372
P0CX45,P0CY09
P40017,P0C074
O74302,P32338
Q02753,P40994
P47177,P34231
P0CX29,P46955
P46990,P53438
P0CX39,P53051
Q3E792,P15801
P05740,Q12286
P40558,P49367
P05756,Q12093
P50109,Q04728
Q12008,P40962
P53200,Q04116
P36156,P32451
P23643,P38746
Q03856,Q06109
P40558,P09932
Q12441,P03876
P07281,Q06109
Q08954,P38071
Q12221,P0CY11
P0CX54,P39724
P0CX82,P53304
P0CT04,Q04623
P54114,P33417
Q12470,P15801
P0C2J4,P53688
P0CX36,Q12093
P05745,P0CY13
P0CX57,P43589
Q02753,Q06469
P37262,Q03796
P02406,P40994
P0CX43,Q04924
P0CX71,P22438
P17649,P54785
P0CX48,P03882
Q12293,A0A023PZB3
P40017,P15801
P0CX59,P14905
P0CX23,Q03833
P0CX43,P40994
P0CX47,P36141
P0CX24,P40962
Q01662,Q12093
P0CX66,P38128
P0CX58,P53304
P0CX65,Q12393
P0C2H6,Q08422
P0CX66,P40470
P0CX56,P09932
P15496,P53075
P04449,Q06109
P0CX83,Q3E793
P46990,Q06109
P0CT04,P49367
P0CX50,Q99359
P0CX29,P36052
P0CX33,P33416
Q08925,P03882
P0C2H6,P53438
Q3E754,P03882
Q03856,P53338
P0CX72,P53911
P19211,Q9ZZX0
P0CX24,P53123
Q08748,P14905
P56628,P22438
P87262,Q04116
Q04706,P0CE41
P17649,P32338
P0CX71,P38071
Q08689,P36141
P0CX26,Q03362
P0CX23,Q05937
P0CX36,P38073
P05756,P49095
Q12266,Q05473
P0CX47,P38746
P0CX32,P26370
P0CX74,Q06595
P0CX39,P53208
Q12672,P25372
P0C0V8,P54785
P36059,P40053
P0CX72,P53438
P24521,P53051
P46784,P38222
P0CX43,O13585
Q12441,P25038
P05737,P32338
P0CX34,Q04545
P32047,P25039
P0CX55,Q12167
P47177,P03878
Q12221,P14905
P00498,P53170
P0CX50,Q05549
P0CX41,Q6Q560
P00498,Q06244
P0CX71,P43589
Q05924,P40994
P0CX23,P53889
P0CX75,P46955
Q12085,P49095
P0CX66,P43589
Q08225,P33416
P0CX84,Q03833
Q03786,P34231
Q02753,A0A023PZB3
Q3E769,Q12393
P0C0V8,P47006
Q02326,P42950
Q12391,P33416
P0C2H7,P25038
Q01855,P40994
P0CX62,P01098
Q12314,P40053
P35997,P53438
P19211,Q04623
Q12392,P09368
P29453,Q04924
P0CX31,P53911
P0CX76,Q08422
P87262,P47007
Q6Q5H1,Q12286
P07280,Q03429
P54780,P49367
P0CX75,P53946
P0CX61,Q03631
P0CX67,P43589
P0C2I8,P15801
P14127,P53035
Q12085,P36141
Q05926,P03878
P0CX44,Q07845
P0CX60,P39726
P56628,Q12286
P0CX65,P11325
P46784,Q12132
Q06698,P40994
P0CX51,P38157
Q12392,Q9URQ5
Q04706,O13585
P36138,P53051
P0CX67,P36001
P0CX71,P53911
P0CX74,P32451
P05745,P09368
P0CX29,P52893
Q12221,P53889
P29453,P53920
Q12221,Q12093
Q06698,Q6Q560
P00498,P0CY09
P29453,Q04545
P00498,P53123
P0CX76,P32860
Q12293,Q2V2Q1
P0CX32,P16965
P0CX23,P53946
P0CX27,P39529
P35997,Q05937
P26784,Q12204
Q12485,P47988
P05749,P53208
P37293,Q04728
P0CX24,P32451
P46990,P53889
P54114,Q3E793
P87262,Q12167
P35997,Q8TGM6
P07280,P48564
P0CX50,P25038
P0CX82,Q04116
P0CX41,P46955
Q08745,P0C5N3
Q3E754,Q06469
P23643,P03881
P0CX66,P34231
P48570,P53304
P0CX48,P36052
Q03786,P48564
Q08971,P03882
P56628,Q06595
P23248,P0C5N3
P54780,P36141
P0CX61,P39933
P47177,P39525
Q12439,P36106
P0CX42,Q12036
Q08634,P47007
P0CX36,Q06596
P0CX28,Q12393
Q05584,P39726
P0CX24,P53438
Q12314,P25038
P0CX44,P38071
P25383,P39529
P0CX55,P16965
P0CX39,P49095
P48445,P14905
P0CX33,Q03796
P0CX28,Q06595
P05749,P38289
P51401,P39525
P0CX36,Q05549
P48589,Q12204
Q12266,P09368
Q92392,P46955
P54780,Q12166
P40558,Q03796
P40031,P09950
P53200,P39529
P0CX35,Q05549
Q12173,P0C5N3
P05745,P0CY08
P47771,P25039
P02407,P39684
P46990,Q05549
P0CX53,P53734
Q12008,P49367
P0CT04,P40985
P07277,P25039
P53200,P09950
Q12293,P38830
Q04706,P25372
Q12470,P53123
Q04489,P38746
Q12391,P36106
P0CX72,P39933
Q12293,P0C5N3
P05740,Q08422
P0CX42,P52893
P41056,P39529
P47771,Q8TGM6
P0CX62,Q9ZZX0
P0CX39,P0CY07
P0C2I8,Q12393
P40017,P47006
P0CX42,P36001
P40893,P15801
P19211,P25372
P46654,P53075
P05749,P33417
Q08971,P03876
P0CX73,P49367
P0CX61,P39684
P0CX39,Q06244
Q12221,Q04116
P0CX31,Q12093
Q3E754,Q12093
P0CX76,P03881
P0CX84,Q07845
Q12439,P39525
P15496,P25372
Q12217,P03881
Q12217,Q05937
Q12217,Q3E705
P05749,P53946
P0CX53,P49095
Q01766,P03878
P0CX75,P43589
P0CX62,P38289
Q12392,P0CY06
P0CX42,P49095
P0CX47,P47007
P0C2H7,P40168
P0C0V8,P03876
Q12441,P25372
P0C2I8,P53304
Q07653,P11325
P40893,P49095
P0CX24,Q08957
O74302,Q04781
P07281,P03879
Q12391,P25038
P0CX58,P15801
P0CX67,P38116
P0CX61,P38128
P50109,P22438
P0C2I8,Q08422
P0CX75,P53123
Q6Q5H1,P09932
P0CX52,Q12504
P40558,Q04623
P0CX65,P38289
Q06698,P49367
Q3E769,Q04924
P0CX28,P25038
Q05926,P38289
P32047,P33416
P0CX36,P36001
P0CX72,P53187
P0C2H7,P22516
P19211,P46955
Q08748,Q12393
P0CX60,P38128
Q12217,P53304
P0CX51,Q12036
P07280,Q3E747
P36086,A0A023PZB3
P23248,P32617
P36138,P0CY06
P0CX26,Q12393
P35997,Q04924
P32643,Q12036
P29453,P0CE41
Q08748,Q06244
P29453,Q6Q560
Q12293,P49095
P0CX66,P39724
P07281,P32860
P50109,P03882
P0C2J4,Q04623
P40017,P36106
P36138,P40470
P51401,P03882
P0C0V8,P0CE41
Q12751,P09368
P0CX32,P53035
P29453,Q02981
P0CX30,P39726
Q12085,Q06595
P25383,P53911
P14743,Q04623
P0C2H6,P33416
P0CX28,P38157
P0CX36,Q04781
P47771,Q04545
P40017,Q04623
Q3E792,P0CY09
P0CX69,P53946
P36086,Q06244
P0CX47,P53051
P0CX67,P34231
O74302,P38157
Q12173,Q12132
P0CX47,P25372
P0C2I8,Q12204
Q03856,Q03772
Q04925,P38289
P0CX28,P36052
P0CX82,A0A023PZB3
Q06698,Q06109
P0CX40,P41696
P34220,P38746
Q12085,Q03833
P0C2I4,P47006
P25383,P40962
Q06698,Q9ZZX0
Q12391,P47006
P0CX85,P53946
P0CX55,Q06469
P0CX35,Q8TGM6
P0CX62,Q6Q560
P0CX43,Q12204
P05745,Q03772
P0CX65,Q3E793
Q06504,P32451
Q04925,Q12093
P05737,P15801
P04449,P53338
Q12672,Q99359
P0CX69,P32617
Q06817,P39724
Q03483,P0CY06
P0CX33,P0C5N3
P0CT04,P0CY08
P15496,P03881
P0C2I8,P33417
P0CX67,P32338
P02406,Q3E793
P36156,P48564
P0CX29,Q12132
P14127,Q04781
P48589,P38116
P47771,P03882
P38711,P14905
P0C2H7,P39724
P0C2I4,P36052
P40558,Q12504
Q03496,Q12393
P0CX70,P03882
P0CX71,Q05549
Q08748,P11325
P0CX39,P53170
Q08634,Q6Q560
P23248,P25372
P0C2J4,P0C5N3
P05749,P22438
Q6Q5H1,Q08747
Q04215,P40985
Q12690,P48015
P0CX53,Q03631
Q12266,P48015
P0CX52,P54785
Q02753,P53889
Q04925,Q3E793
P0CX28,P0CY06
P0CX58,Q04623
Q12391,Q2V2Q1
Q12000,P34231
P36156,P03881
Q12672,P53304
P0CX66,P40962
Q12470,P47006
P54114,Q12132
Q12387,Q03362
P0CX34,Q04924
P05745,P47006
P0CT04,Q08957
P07280,Q8TGM6
Q12690,P09950
P0CX34,P40099
P34220,P53051
P0CX31,P40571
P0CX35,P32338
Q03496,Q8TGM6
P54114,Q07845
P05740,P48015
P0CX61,P40571
P05740,P38073
Q05584,Q04728
P0CX48,P48564
P32643,P39726
P17649,Q02981
P0CF22,P40571
P0CX45,P53920
P0CF22,P0CE41
P0CX47,P38116
P46990,P14905
P0C2H6,P38289
P0CX62,Q12167
Q12173,Q05937
Q3E792,Q06469
P0CX62,Q05937
Q08748,P38289
P29453,Q12167
P0CX54,P49367
P51401,Q03362
Q08925,P48564
P14127,P38128
P0CX55,P22516
P47771,P41696
P0CW40,P38289
P0CX27,Q9ZZX0
Q3E841,P09950
Q08689,P32860
Q12085,P32451
P15496,P33416
P37262,P25372
P0CX39,P09950
P46990,P39684
P0CX62,Q03429
P0C0V8,P36106
P0C2H7,P01098
P0CX45,Q03429
Q02326,P53051
P23643,Q04924
P0CX31,Q9ZZX0
P0CX59,P40168
P05749,P0C5N3
P0CX50,P0CY07
P0CX32,Q02981
Q08969,P16965
P0CX35,P40470
P40017,P16965
Q12672,P0CY08
P0CT04,Q12166
Q07653,P49367
P05748,P39726
P05745,P25038
P0CX67,P47006
P0CX60,P53688
P0CX34,Q04781
Q6Q5H1,Q9ZZX0
Q12217,Q12481
P0CX27,P54785
Q08225,P32860
Q07799,P0C5N3
P0CX48,P38746
P0CX43,P25038
P0CX25,P14905
P36156,P25039
P36156,Q05937
P0CX23,P0C074
Q06836,P03881
P0C2H6,P03882
P34222,P03882
P0CX48,Q06595
P07281,Q04116
P23248,P33417
P36156,P26370
P46654,Q12393
Q12439,P22438
P0CX42,P09368
P41056,Q06596
P0CX48,P36001
P54780,P03881
P51401,Q08747
P40893,P14905
P05747,P53734
P40893,P39726
P0CX50,P52893
P56628,Q06109
P0CX66,P36141
P14127,Q08747
P02407,P38116
P0CX52,P43589
Q12221,P38222
P32047,P38289
P0CX44,P42950
P0CX36,P26370
P0CX60,P03876
P05749,Q12481
Q05924,P0C5N3
P26784,P32338
P47163,P38746
Q02648,P16965
P0C2I4,P49095
Q04925,Q04924
P23643,Q03362
P26785,P53304
P0CX23,P41696
P37262,P52893
P0CX40,P0CY08
Q03786,Q12093
P0CX76,P53075
Q12008,Q12166
P07281,P09932
P0CX46,Q8TGM6
P36138,P48015
P47771,Q05549
P46784,Q12093
Q06134,Q04728
P02407,P40168
P40017,P25039
P36138,Q6Q560
Q12690,P39684
P38711,P53170
P34222,Q04924
P15496,Q3E793
P46969,Q02981
P29453,P53889
P0CX28,Q05473
P05740,Q04924
P37262,P22516
Q12690,P42950
Q06134,P03879
P40031,P53170
P05740,Q12481
P17649,Q12204
P0C2H6,P39726
P17649,P40053
P37262,O13585
P0C2H6,Q04924
P0CX70,Q12393
P0CX28,O13585
Q12213,P38128
P0CX60,P53051
P0CX52,P47007
P0CX66,P03878
Q04925,P11325
Q12217,Q03429
P05745,P39684
Q12266,P54785
P07280,Q04728
P0CX57,P38830
Q12266,P53170
Q12441,Q12132
P0CX52,P36106
Q92392,Q03631
Q12439,P53208
Q08954,P53051
P17649,Q06469
Q08634,P32860
P26784,P42950
Q12470,Q06469
P0CX26,P53187
P47163,P34231
Q08745,Q06109
P0CX60,Q04924
Q12485,P36141
P46784,P53304
P0CX67,Q03631
Q12751,Q3E785
P0CX51,P03879
P07281,P40962
Q12221,Q12132
P0CX69,Q03214
P0CX61,P53170
Q12485,P03882
P0CX75,P01098
P0CX73,Q04924
P38625,P38116
Q12293,P40994
P53200,P38071
P0CX61,P09368
P0CX60,Q3E705
P46784,Q06244
P36156,P09950
Q12392,Q06109
P0C2J4,P39525
P54114,P47006
P0CX46,P48015
P26785,P38071
P23248,Q12167
P0CX50,P0CY08
P38625,Q06109
P51401,P39933
P54114,O13585
Q04925,P03879
P0CX29,Q12093
P0CX54,P38128
P0CX35,P38746
Q12293,Q9URQ5
Q03496,P01098
Q04215,P39525
P0CX34,P53187
P36138,Q3E705
Q02753,P0CY08
P0CX58,P03878
P38711,P38157
P0CX23,Q05473
P25383,Q04623
P0CX67,Q06596
P23248,P36001
P0CX62,P39529
P40017,Q12166
P25383,P16965
Q3E841,P25372
P0CX84,Q06595
P0CX34,P40994
P0CX67,Q3E747
P48445,P48015
P0CX75,Q8TGM6
P54780,P03878
P38711,Q03214
P0CX60,Q06596
Q12470,P53920
P0C2J4,P53911
Q12751,Q12393
P0CX66,P53208
P0CX33,Q08747
P0CX42,O13585
Q08971,Q04728
Q12690,P53734
P0CX83,Q12393
P07280,P09932
P0CX28,P15801
P05740,P03876
Q08969,P39525
P40893,P25372
P0CX58,Q12167
P0C2I4,Q04545
Q05926,Q05473
Q03483,P54785
P36156,P40053
P0CX83,Q03631
P0CX69,P22438
P0CF22,P0CY13
P0CX57,P22516
P05756,Q02981
P37293,Q12093
P36059,P25038
Q12387,Q06109
Q6Q5H1,Q03833
Q6Q5H1,P25039
P02407,Q3E705
P38625,P40535
P05737,Q04116
P0CX83,P38071
P0CX73,Q03429
Q08748,P25372
P0C2H6,Q12093
Q04706,Q06469
P05737,O13585
P0CX49,P39724
Q03002,P25038
P0CX45,Q2V2Q1
P40558,Q12481
P34220,Q8TGM6
P47169,P16965
P0CX84,P40099
Q12000,P25039
P0CX84,P22516
P05756,P03876
P0CX28,Q12166
P26785,Q04924
Q04215,Q03796
P47771,Q9ZZX0
Q12293,P38128
P87262,P0CY07
P0CX34,P09950
P0CX73,Q06109
Q03856,P40168
Q04215,P53035
P47771,Q12504
Q12672,P38222
Q12085,Q12167
P0C2J4,Q8TGM6
P0CX40,P40571
P38625,P0CY06
Q3E7Y3,P38289
Q06817,Q02981
P0CX52,P0CY06
P0CX59,P16965
Q92392,P53123
P0CX76,P49095
P0CX51,Q12286
P0CF22,Q06596
P07281,P53911
Q05924,P39724
P0CX52,P53338
P17649,P36141
P41056,P53438
P0CX82,P49095
P0CX54,P40535
Q12293,Q99359
P05740,P09950
Q12293,P36001
Q03496,P25372
P0CX73,P38073
P0CF22,P39525
Q05924,P32451
P26784,P38073
P0CX83,P41696
P0CX31,P38222
P0CX53,P53075
P04449,P53123
P0CX52,P39933
P0CX31,P22516
P0CX24,P46955
P0C2H6,P53075
P0CX61,P53920
P36156,P40571
P0CX41,P34231
P0CX44,P39525
P07280,P46955
Q08689,P40099
P0C2H6,Q06469
P0C2H7,P38830
P0C2H6,P26370
P0CT04,P40962
P0CX69,P32860
P0CX47,P53123
P54780,P32451
P0CX75,P36052
P53200,Q05549
P0CX74,P53187
Q04706,P14905
P0CX50,P40099
P38711,Q12166
Q03002,A0A023PZB3
P0CX36,P39529
Q01855,P16965
P0CX69,P38128
P0CX47,Q06595
P29453,P54785
P07281,P39684
P47177,Q03429
Q06817,P09950
O74302,Q03631
P05748,P53304
Q04235,Q03429
P51401,P40168
P32047,Q05473
Q12690,P38289
P34222,Q03362
P0CX44,Q12504
Q08748,P52893
P0C2J4,P36106
Q02753,P53170
P0CX54,P09932
P0CX55,P38157
P0CX73,P36141
P0CX76,P53208
P0CX24,Q03429
P0CW40,P49095
Q08745,P48564
P36138,P48564
P0CX34,P0CY06
P0CX40,P38116
P36059,P53187
P00498,Q3E705
Q12293,Q04781
P32643,P53075
Q12293,P53438
Q04489,P39726
P05747,Q12036
P0CX84,Q04623
P0CX65,P48561
Q6Q5H1,P0CY09
P05740,P0C074
P29453,Q12504
P0CX61,P38157
P05748,P03881
P0CX82,P38830
P23248,P39525
Q92392,Q04781
P34222,P38071
P0CX85,Q05473
P0C2H6,Q99359
P0C2I4,P38157
P53200,Q12093
Q12690,Q04728
P0CX82,Q12166
Q12392,Q04924
P51401,P46955
P02407,P46955
Q12439,P42950
Q01855,P46955
P26785,P47007
P05740,P09932
P53200,P53889
Q12392,Q2V2Q1
P26784,P03876
P36156,P0C074
P0CX66,P48015
P0CX55,P53946
Q12387,P25038
P41056,P14905
P46990,P03879
P0CX75,P34231
P0CX54,P03881
P0CX23,P14905
P46654,P25038
P14743,P0C5N3
P0CX60,P38116
P0CX45,P0CY13
Q12485,P33416
P0CX65,P01098
Q3E792,P54785
P87262,P11325
P0CF22,Q04116
P0CX44,Q12036
P38711,P32338
Q06504,Q12204
P0CX41,Q12093
P48570,Q12166
P41056,Q03362
Q03856,P36052
P36138,P53123
P0CX48,Q8TGM6
P05737,P40168
P0CX55,P25038
Q08969,Q03362
P05756,P38071
P0CX56,P33416
P29453,P0CY09
P29453,P38746
Q03786,Q05473
P38625,P53911
P05745,Q08747
P47177,Q9ZZX0
P04449,Q07845
P05745,Q02981
P0CX61,P32451
P25383,P49095
P0CX83,P46955
P0CX69,P40099
P0CX24,Q03772
P25383,Q03214
P0C2H6,P48564
P0CX45,Q04924
P0CX58,Q03362
P05749,P36052
P0CX50,P32860
P47771,P40962
Q12266,P53208
P46969,P40994
P08432,P53304
Q6Q5H1,P49367
Q08225,P01098
Q6Q5H1,P38222
Q3E754,P32338
P0C2J4,P25038
P0C0V8,P16965
P0CX85,P38071
Q3E754,P39959
P36138,P22516
P29453,P38116
P0CX41,P09950
P40893,P16965
P0CX69,P0C074
P46969,P14905
P0CX61,Q06595
P05756,Q04623
P0CX61,Q12393
P56628,Q05549
P0CX26,O13585
P0CX47,Q03772
P0CX31,P36106
Q06504,P25372
Q12085,P40099
P0CX46,Q03362
P0C2I8,P03882
P02407,Q03772
P05749,P40985
Q3E7Y3,P49095
P0CX23,Q06109
P0CX70,Q05937
P0CX62,P36052
Q02753,Q04116
Q08634,Q06109
P05756,P03881
P50109,Q02981
P48570,Q06244
P0C2H7,Q03214
P07277,P53051
P07280,P39726
Q04235,Q12204
Q08954,Q03429
P14127,P53170
P0CX44,P46955
P87262,Q9URQ5
Q12672,P40994
P0CX83,P03882
Q04489,P09950
P0CX43,P39726
P0CX57,P25039
P0C2I4,Q04781
P0CX65,Q04781
P50109,P0C5N3
P46654,P38071
P56628,P53946
P0CX59,Q9ZZX0
P29453,P38073
P40558,P36052
Q3E769,P40053
P53200,P49095
P0C2J4,P39724
Q12213,P53304
P47771,P0CY09
P0CX83,Q8TGM6
P0CX60,P22438
Q12314,P40168
P0CX69,Q03833
P05756,Q9ZZX0
P23248,Q05549
P38625,P14905
P05749,P26370
Q07653,Q3E793
P0CX31,P0CE41
P0CX60,P47006
P40558,P47006
P0CX73,P09932
P0CX61,Q6Q560
P0CX74,Q06469
P0CX55,P40985
Q07799,P38289
P0CX40,P48561
P0CX33,P32338
Q04215,Q06596
Q04489,P39724
P46990,Q04623
Q6Q5H1,P47988
P0CX55,P49095
Q12439,P39933
Q3E7Y3,P40994
Q07799,P03881
Q05584,P53051
P47163,P33416
Q06836,P53208
P05740,P40985
P0CX66,P0CY09
Q3E754,P0CY09
P0CX36,P53051
P02406,Q03429
Q04215,Q6Q560
P56628,Q06469
P0CX61,P0CY08
P0CX53,P34231
P0CX34,P46955
Q04489,P38116
P0CX76,Q9ZZX0
Q06504,P16965
Q08954,P48015
P0CX31,Q04781
P05749,Q04781
P0CX70,P36001
Q12439,P38071
P0CT04,P0CY06
Q08689,Q6Q560
P0CX40,P03876
Q12391,Q06244
P0CX41,O13585
P0CX36,P33416
P0CX84,P32617
P17649,Q04116
Q12392,P03876
Q04215,Q3E747
P25383,P36106
P0CW40,P40099
P0CX51,Q6Q560
Q06836,Q12093
P02407,P25039
P0CX51,P39726
P36059,P38128
Q12314,Q12036
Q08745,P09950
Q03856,P53889
P0CX71,P0CE41
P0C2I8,P53438
P0CX47,P48015
Q12485,P16965
Q12672,P43589
P0CX85,P53338
P17649,O13585
P40017,P36052
P0CX74,P39726
P0C2H7,Q12481
Q03856,P41696
Q12751,P48564
P0CX70,P49367
P46784,P46955
P87262,P53035
P0CX53,P32338
P0CX36,P53972
Q04706,Q08747
Q12293,P53075
Q92392,P0CY08
P02407,P39726
P04449,Q06469
O74302,Q3E705
P0CX72,P38746
P05737,Q05937
P0CX44,Q05549
Q3E769,P40994
Q12213,P53920
P38625,P53920
Q12221,Q05937
P0CX41,P49367
P0CX66,Q05937
P48570,Q12167
P46784,Q12481
Q12085,P53889
P0CX70,P39933
P26784,P53035
Q12008,P03878
P47177,P38116
P40031,P03882
P0C2H6,P09950
P00498,P43589
P0CX32,P39525
Q08689,Q04924
P87262,P03879
P05740,P40994
Q04235,P39525
Q6Q5H1,P0CY13
Q02733,P09368
P0CX52,P53170
P35997,Q08957
P0CX71,P33417
P05745,P0C074
P0CX27,P16965
P0CX58,P16965
P0CX32,P34231
Q08925,Q03362
P0CX30,Q12093
P46654,P48561
P38625,P39724
P32047,Q03362
P0CX67,Q04781
P04449,P25039
Q06134,Q04623
P24521,Q12093
P40017,P09368
P47169,Q06244
P05744,P03876
Q12690,P32338
Q12217,P40099
P00498,P47988
Q3E754,Q04545
P37293,P32860
P14127,P0C5N3
P46784,P40168
P0CX31,Q3E705
P17649,P40099
Q12387,Q04924
Q12221,P36141
P0CX69,P40571
Q12391,Q06469
P56628,P53734
P46784,Q04545
Q12293,P53920
Q12751,P48015
P0CX33,Q04781
Q04215,P36052
Q12391,P38746
P36059,Q03214
Q08971,Q12167
P0CX39,P0CY08
P35997,Q08747
P02407,Q08747
Q03483,P38830
P38625,Q03833
P05744,P49095
P41056,P36052
P0CX47,P53911
P56628,P53208
P0CX85,P40053
P0CX75,Q03362
Q07653,P46955
P19211,Q12167
P05740,P38289
P07280,Q3E705
P0CX70,P09932
P05749,Q07845
P0CX54,P0CY11
P0CW40,P03882
P0CX61,Q08957
Q12391,P0CY08
P0CX59,P53035
P0CX83,Q04116
Q12221,P36052
P36059,Q02981
P0CX76,P39529
Q3E7Y3,Q05473
Q12392,P40099
Q12751,P34231
Q3E841,P03879
Q04489,Q06244
P0CX61,Q08422
P05749,P47006
Q12392,Q04623
P0CX40,P32451
P0CX29,Q03631
Q03786,P40053
Q03856,Q12504
Q12173,P39933
Q3E754,P32617
Q04489,P53889
P0CX46,P53304
P38835,P53304
P38835,Q3E793
P38625,P25039
P35997,P33417
P0CX69,P53338
P37262,Q06595
P07281,Q12204
P07281,Q03214
P40558,P43589
P0CX26,P53170
P46969,P09368
P0CX65,Q12093
P40558,P40994
O74302,Q04728
P40017,P43589
P0CX57,P38073
Q03002,P22438
Q03856,P25372
P23248,P11325
Q08925,P48015
P36138,P0CY07
Q04215,P14905
P0CX28,Q12204
P34220,Q04728
P0CX51,O13585
P0CX23,P53920
P0CX27,P33416
P0C2H7,P38157
P0CX43,P11325
Q05926,O13585
P24521,P03881
Q12470,P0CY06
P0CX47,Q05473
Q02326,P09950
P05747,Q12481
P0CF22,Q04545
P87262,P53075
P0CX52,P39726
P0CX32,P0CY11
P0CX56,P40099
P0CX82,Q12036
Q3E792,P53035
Q12392,Q05937
P38711,P11325
P0CX49,P01098
P04449,Q08747
P0C2H6,P39959
P0CX40,Q03631
Q08971,P09950
P0CX48,P53075
Q07653,Q03429
P36059,A0A023PZB3
P0CX47,P0CY06
Q12000,P03882
P0C2H7,P36001
P0C2H7,P53123
Q12293,P39724
P0CW40,P36052
P0CX70,P47007
P0CX27,P15801
P46784,P0CY13
P0CF22,P40535
Q08689,P38289
Q3E7Y3,P53170
P35997,Q06595
P0CX76,P53338
Q12008,P53734
Q08954,P38746
P0CX35,Q12093
Q12392,P38830
Q12485,Q12504
Q12690,Q12166
P37262,Q12132
Q12470,P46955
P0CX61,Q12481
Q05924,Q05473
P0C2I4,P39684
P08432,P48564
P40558,Q07845
P17649,P38289
P0CX74,P47988
P0CX73,Q2V2Q1
P0CX71,Q3E785
Q08748,P09950
P41056,P0CY07
P0CX46,Q04924
P0CW40,P0C5N3
O74302,P36001
P0CX25,P38071
P0CX35,Q03796
P34220,Q12036
P37262,P38128
P0CX67,Q05549
Q12173,P53075
Q12266,P26370
Q03483,P03879
P07281,P53920
P0CX84,P39959
Q12221,P0CY09
P0CX84,A0A023PZB3
P32643,Q03362
P36059,P09368
P0CX76,Q04924
Q06698,P38116
Q3E792,Q12093
Q03496,P48564
P0CX34,P38830
Q12000,P22438
P0CX31,Q05473
P0CX28,P53889
P46969,P22438
Q6Q5H1,P53304
Q02326,P40985
P0C2H6,Q07845
P0CX83,P53920
P0CX82,P32451
Q12387,P16965
P29453,Q03429
P0CX31,P01098
Q12676,P03876
Q12293,Q04623
P26785,P53170
Q3E754,P53051
Q05926,P53304
P32047,P39726
P40017,P11325
Q08745,P52893
P0CX61,P54785
P05749,Q06469
P0C2H6,P36141
P05740,Q06595
Q3E754,P48015
Q12293,P01098
Q12314,P53051
P0CX73,P26370
P0CX48,Q12093
Q01662,Q3E793
P05748,Q12036
O74302,P40053
P0CX83,P53208
P48589,P36052
Q3E754,P22516
P0CX85,P15801
Q12690,P11325
P36059,P40985
P0CX39,P52893
P0CX60,P32860
Q12387,P53208
Q04489,O13585
P36138,P46955
P0CX52,Q03214
P14127,P53438
P14127,P40099
Q04489,P39525
P46784,Q03214
Q02648,P46955
P87262,P25038
Q04925,P38746
P0CF22,Q2V2Q1
P0CX35,P53123
Q12387,P32860
P0CX69,P53911
P53200,P14905
P0C2J4,P38071
Q12085,P40985
P40558,P53208
P0CX71,Q06109
Q12387,P40099
Q02326,Q04623
P0CX71,P53438
P47163,P25372
P40558,Q06596
P34220,Q12393
P0CX52,P25039
P0CX72,P03882
P0CX84,Q04545
Q04235,P25039
Q6Q5H1,O13585
P0CX51,Q04728
P0CX39,P38746
Q12470,Q12093
Q12217,P32338
P38711,P48015
P0CX57,P53170
P0CX56,P53187
P34220,Q12093
P0C0V8,Q05473
P38835,P53123
Q06504,P39525
P0CX29,Q08422
P0CX82,P38071
P0CX52,P36001
P0CX48,P38289
P0CX27,P32338
Q05584,Q12204
P46784,P0CE41
P47169,P03878
P38711,P39724
Q12387,Q8TGM6
Q04925,Q12166
P0CX76,P03876
P0CX46,P53051
P0CX30,Q12204
P0CX31,Q05937
P47771,Q12286
P46990,P39529
P05737,P53123
P48445,P53889
P47177,P46955
P46784,P53035
Q12173,P49367
Q12441,P03879
P0CX67,P16965
P15496,P32860
P0CX83,P40099
Q02753,Q12286
Q07653,Q8TGM6
P0CX72,P48564
P0CT04,P39684
P46654,Q12481
Q12391,P0CY11
Q12470,P36141
P46654,P39726
P0CX61,Q04116
Q03496,P46955
Q3E7Y3,P33416
P0CX61,P03879
Q08748,O13585
P0CX33,Q06596
P0CX82,Q08957
Q03856,Q05473
P07277,P46955
P0CX84,Q6Q560
P40558,P11325
P0CX83,P39726
P47177,P53123
P0CX74,Q08422
